id,name,type,parent_id,depth,
3269,数与式,NODE,0,1,
3640,方程与不等式,NODE,0,1,
3821,函数,NODE,0,1,
4030,图形的性质,NODE,0,1,
4627,图形的变化,NODE,0,1,
4859,统计与概率,NODE,0,1,
5009,观察、猜想与证明,NODE,0,1,
42523,实践与应用,KNOWLEDGE_POINT,0,1,
53759,向量的运算,NODE,0,1,
74362,五四制小学衔接,NODE,0,1,
81163,数学竞赛,NODE,0,1,
3270,有理数,NODE,3269,2,
13956,有理数的运算,NODE,3269,2,
3362,实数,NODE,3269,2,
3410,代数式,NODE,3269,2,
3513,因式分解,NODE,3269,2,
3539,分式,NODE,3269,2,
3600,二次根式,NODE,3269,2,
86101,数学常识,KNOWLEDGE_POINT,3270,3,
3272,正数和负数,KNOWLEDGE_POINT,3270,3,
3276,有理数的初步认识,KNOWLEDGE_POINT,3270,3,
3281,数轴,KNOWLEDGE_POINT,3270,3,
3288,相反数,KNOWLEDGE_POINT,3270,3,
3294,绝对值,KNOWLEDGE_POINT,3270,3,
3301,有理数比较大小,KNOWLEDGE_POINT,3270,3,
3273,正负数的意义,TESTING_POINT,3272,4,
3274,相反意义的量,TESTING_POINT,3272,4,
3275,正负数的实际应用,TESTING_POINT,3272,4,
3277,有理数的概念,TESTING_POINT,3276,4,
3278,0的意义,TESTING_POINT,3276,4,
3279,有理数的分类,TESTING_POINT,3276,4,
3280,带“非”字的有理数,TESTING_POINT,3276,4,
3282,数轴的三要素及其画法,TESTING_POINT,3281,4,
3283,用数轴上的点表示有理数,TESTING_POINT,3281,4,
3284,利用数轴比较有理数的大小,TESTING_POINT,3281,4,
3285,数轴上两点之间的距离,TESTING_POINT,3281,4,
3286,数轴上的动点问题,TESTING_POINT,3281,4,
3287,根据点在数轴的位置判断式子的正负,TESTING_POINT,3281,4,
3289,相反数的定义,TESTING_POINT,3288,4,
3291,判断是否互为相反数,TESTING_POINT,3288,4,
3292,化简多重符号,TESTING_POINT,3288,4,
3293,相反数的应用,TESTING_POINT,3288,4,
3295,绝对值的意义,TESTING_POINT,3294,4,
3296,求一个数的绝对值,TESTING_POINT,3294,4,
3297,化简绝对值,TESTING_POINT,3294,4,
3298,绝对值非负性的应用,TESTING_POINT,3294,4,
3299,绝对值方程,TESTING_POINT,3294,4,
3300,绝对值的其他应用,TESTING_POINT,3294,4,
3302,有理数大小比较,TESTING_POINT,3301,4,
3303,有理数大小比较的实际应用,TESTING_POINT,3301,4,
3305,有理数的加法运算,KNOWLEDGE_POINT,3304,4,
3309,有理数加法运算律,KNOWLEDGE_POINT,3304,4,
3311,有理数的减法,KNOWLEDGE_POINT,3304,4,
3314,有理数加减混合运算,KNOWLEDGE_POINT,3304,4,
3306,有理数加法运算,TESTING_POINT,3305,5,
3307,有理数加法中的符号问题,TESTING_POINT,3305,5,
3308,有理数加法在生活中的应用,TESTING_POINT,3305,5,
3312,有理数的减法运算,TESTING_POINT,3311,5,
3313,有理数减法的实际应用,TESTING_POINT,3311,5,
3315,有理数的加减混合运算,TESTING_POINT,3314,5,
3316,有理数加减中的简便运算,TESTING_POINT,3314,5,
3317,有理数加减混合运算的应用,TESTING_POINT,3314,5,
3319,有理数的乘法,KNOWLEDGE_POINT,3318,4,
3324,倒数,KNOWLEDGE_POINT,3318,4,
3327,有理数乘法运算律,KNOWLEDGE_POINT,3318,4,
3329,有理数的除法,KNOWLEDGE_POINT,3318,4,
3334,有理数的乘方,KNOWLEDGE_POINT,3318,4,
3340,有理数的混合运算,KNOWLEDGE_POINT,3318,4,
3347,计算器——有理数,KNOWLEDGE_POINT,3318,4,
3355,正整数指数幂与科学记数法,KNOWLEDGE_POINT,3318,4,
3358,近似数,KNOWLEDGE_POINT,3318,4,
3320,两个有理数的乘法运算,TESTING_POINT,3319,5,
3321,多个有理数的乘法运算,TESTING_POINT,3319,5,
3323,有理数乘法的实际应用,TESTING_POINT,3319,5,
3330,有理数的除法运算,TESTING_POINT,3329,5,
3332,有理数除法的应用,TESTING_POINT,3329,5,
3333,有理数乘除混合运算,TESTING_POINT,3329,5,
3335,有理数幂的概念理解,TESTING_POINT,3334,5,
3336,有理数的乘方运算,TESTING_POINT,3334,5,
3337,有理数乘方逆运算,TESTING_POINT,3334,5,
3338,乘方运算的符号规律,TESTING_POINT,3334,5,
3339,乘方的应用,TESTING_POINT,3334,5,
3341,有理数四则混合运算,TESTING_POINT,3340,5,
3343,有理数四则混合运算的实际应用,TESTING_POINT,3340,5,
3344,程序流程图与有理数计算,TESTING_POINT,3340,5,
3345,算“24”点,TESTING_POINT,3340,5,
3346,含乘方的有理数混合运算,TESTING_POINT,3340,5,
3356,用科学记数法表示绝对值大于1的数,TESTING_POINT,3355,5,
3357,将用科学记数法表示的数变回原数,TESTING_POINT,3355,5,
3359,求一个数的近似数,TESTING_POINT,3358,5,
3360,指出一个近似数精确到哪一位,TESTING_POINT,3358,5,
3361,由近似数推断真值范围,TESTING_POINT,3358,5,
3364,算术平方根,KNOWLEDGE_POINT,3362,3,
3371,平方根,KNOWLEDGE_POINT,3362,3,
3379,立方根,KNOWLEDGE_POINT,3362,3,
3385,计算器——平方根和立方根,KNOWLEDGE_POINT,3362,3,
3388,无理数与实数,NODE,3362,3,
3365,求一个数的算术平方根,TESTING_POINT,3364,4,
3366,利用算术平方根的非负性解题,TESTING_POINT,3364,4,
3367,估计算术平方根的取值范围,TESTING_POINT,3364,4,
3368,求算术平方根的整数部分和小数部分,TESTING_POINT,3364,4,
3369,与算术平方根有关的规律探索题,TESTING_POINT,3364,4,
3370,算术平方根的实际应用,TESTING_POINT,3364,4,
3372,平方根概念理解,TESTING_POINT,3371,4,
3373,求一个数的平方根,TESTING_POINT,3371,4,
3374,求代数式的平方根,TESTING_POINT,3371,4,
3375,已知一个数的平方根，求这个数,TESTING_POINT,3371,4,
3376,利用平方根解方程,TESTING_POINT,3371,4,
3377,平方根的应用,TESTING_POINT,3371,4,
3380,立方根概念理解,TESTING_POINT,3379,4,
3381,求一个数的立方根,TESTING_POINT,3379,4,
3382,已知一个数的立方根，求这个数,TESTING_POINT,3379,4,
3383,立方根的实际应用,TESTING_POINT,3379,4,
3384,算术平方根和立方根的综合应用,TESTING_POINT,3379,4,
3389,无理数,KNOWLEDGE_POINT,3388,4,
3391,实数的概念和分类,KNOWLEDGE_POINT,3388,4,
3394,实数的性质,KNOWLEDGE_POINT,3388,4,
3396,实数与数轴,KNOWLEDGE_POINT,3388,4,
3397,实数的大小比较,KNOWLEDGE_POINT,3388,4,
3398,无理数的估算,KNOWLEDGE_POINT,3388,4,
3403,实数的运算,KNOWLEDGE_POINT,3388,4,
3392,实数概念理解,TESTING_POINT,3391,5,
3393,实数的分类,TESTING_POINT,3391,5,
3399,无理数的大小估算,TESTING_POINT,3398,5,
3401,无理数整数部分的有关计算,TESTING_POINT,3398,5,
3404,实数的混合运算,TESTING_POINT,3403,5,
3406,程序设计与实数运算,TESTING_POINT,3403,5,
3407,新定义下的实数运算,TESTING_POINT,3403,5,
3408,实数运算的实际应用,TESTING_POINT,3403,5,
3409,与实数运算相关的规律题,TESTING_POINT,3403,5,
3411,代数式及其应用,NODE,3410,3,
3425,整式,NODE,3410,3,
3442,整式的加减,NODE,3410,3,
3458,整式的乘除,NODE,3410,3,
3497,乘法公式,NODE,3410,3,
3412,列代数式,KNOWLEDGE_POINT,3411,4,
3417,代数式的概念及意义,KNOWLEDGE_POINT,3411,4,
3421,代数式求值,KNOWLEDGE_POINT,3411,4,
3413,用字母表示数,TESTING_POINT,3412,5,
3414,用代数式表示式,TESTING_POINT,3412,5,
3416,用代数式表示数、图形的规律,TESTING_POINT,3412,5,
3418,代数式的概念,TESTING_POINT,3417,5,
3419,代数式书写方法,TESTING_POINT,3417,5,
3420,代数式表示的实际意义,TESTING_POINT,3417,5,
3422,已知字母的值,11,TESTING_POINT,2023-02-14T05:51:04,3269
3423,已知式子的值，求代数式的值,TESTING_POINT,3421,5,
3424,程序流程图与代数式求值,TESTING_POINT,3421,5,
3426,单项式,KNOWLEDGE_POINT,3425,4,
3431,多项式,KNOWLEDGE_POINT,3425,4,
3438,整式的判断,KNOWLEDGE_POINT,3425,4,
3440,数字类规律探索,KNOWLEDGE_POINT,3425,4,
3441,图形类规律探索,KNOWLEDGE_POINT,3425,4,
3427,单项式的判断,TESTING_POINT,3426,5,
3428,单项式的系数、次数,TESTING_POINT,3426,5,
3429,写出满足某些特征的单项式,TESTING_POINT,3426,5,
3430,单项式规律题,TESTING_POINT,3426,5,
3432,多项式的判断,TESTING_POINT,3431,5,
3433,多项式的项、项数或次数,TESTING_POINT,3431,5,
3434,多项式系数、指数中字母求值,TESTING_POINT,3431,5,
3436,将多项式按某个字母升幂（降幂）排列,TESTING_POINT,3431,5,
3443,同类项,KNOWLEDGE_POINT,3442,4,
3446,合并同类项,KNOWLEDGE_POINT,3442,4,
3448,去括号,KNOWLEDGE_POINT,3442,4,
3450,添括号,KNOWLEDGE_POINT,3442,4,
3452,整式的加减及运用,KNOWLEDGE_POINT,3442,4,
3444,同类项的判断,TESTING_POINT,3443,5,
3445,已知同类项求指数中字母或代数式的值,TESTING_POINT,3443,5,
3453,整式的加减运算,TESTING_POINT,3452,5,
3456,整式的加减中的化简求值,TESTING_POINT,3452,5,
3457,整式加减中的无关型问题,TESTING_POINT,3452,5,
3455,整式加减的应用,TESTING_POINT,3452,5,
3459,同底数幂的乘法,KNOWLEDGE_POINT,3458,4,
3463,幂的乘方,KNOWLEDGE_POINT,3458,4,
3466,积的乘方,KNOWLEDGE_POINT,3458,4,
3469,同底数幂的除法,KNOWLEDGE_POINT,3458,4,
3472,幂的混合运算,KNOWLEDGE_POINT,3458,4,
3473,单项式乘单项式,KNOWLEDGE_POINT,3458,4,
3476,单项式乘多项式,KNOWLEDGE_POINT,3458,4,
3481,多项式乘多项式,KNOWLEDGE_POINT,3458,4,
3488,整式乘法混合运算,KNOWLEDGE_POINT,3458,4,
3489,单项式除以单项式,KNOWLEDGE_POINT,3458,4,
3492,多项式除以单项式,KNOWLEDGE_POINT,3458,4,
3496,整式四则混合运算,KNOWLEDGE_POINT,3458,4,
3460,同底数幂相乘,TESTING_POINT,3459,5,
3461,同底数幂乘法的逆用,TESTING_POINT,3459,5,
3462,用科学记数法表示数的乘法,TESTING_POINT,3459,5,
3464,幂的乘方运算,TESTING_POINT,3463,5,
3465,幂的乘方的逆用,TESTING_POINT,3463,5,
3467,积的乘方运算,TESTING_POINT,3466,5,
3468,积的乘方的逆用,TESTING_POINT,3466,5,
3470,同底数幂的除法运算,TESTING_POINT,3469,5,
3471,同底数幂除法的逆用,TESTING_POINT,3469,5,
3474,计算单项式乘单项式,TESTING_POINT,3473,5,
3475,利用单项式乘法求字母或代数式的值,TESTING_POINT,3473,5,
3477,计算单项式乘多项式及求值,TESTING_POINT,3476,5,
3478,单项式乘多项式的应用,TESTING_POINT,3476,5,
3479,利用单项式乘多项式求字母的值,TESTING_POINT,3476,5,
3482,计算多项式乘多项式,TESTING_POINT,3481,5,
3483,（x+p）（x+q）型多项式乘法,TESTING_POINT,3481,5,
3484,已知多项式乘积不含某项求字母的值,TESTING_POINT,3481,5,
3485,多项式乘多项式——化简求值,TESTING_POINT,3481,5,
3486,多项式乘多项式与图形面积,TESTING_POINT,3481,5,
3487,多项式乘法中的规律性问题,TESTING_POINT,3481,5,
3490,计算单项式除以单项式,TESTING_POINT,3489,5,
3491,用科学记数法表示数的除法,TESTING_POINT,3489,5,
3498,平方差公式,KNOWLEDGE_POINT,3497,4,
3503,完全平方公式,KNOWLEDGE_POINT,3497,4,
3507,完全平方式,KNOWLEDGE_POINT,3497,4,
3512,整式的混合运算,KNOWLEDGE_POINT,3497,4,
3499,运用平方差公式进行运算,TESTING_POINT,3498,5,
3501,平方差公式与几何图形,TESTING_POINT,3498,5,
3504,运用完全平方公式进行运算,TESTING_POINT,3503,5,
3506,通过对完全平方公式变形求值,TESTING_POINT,3503,5,
52660,完全平方公式在几何图形中的应用,TESTING_POINT,3503,5,
3508,求完全平方式中的字母系数,TESTING_POINT,3507,5,
3509,完全平方式在几何图形中的应用,TESTING_POINT,3507,5,
3515,因式分解的定义,KNOWLEDGE_POINT,3513,3,
3518,公因式,KNOWLEDGE_POINT,3513,3,
3521,提公因式法分解因式,KNOWLEDGE_POINT,3513,3,
3524,公式法分解因式,KNOWLEDGE_POINT,3513,3,
3530,综合提公因式和公式法分解因式,KNOWLEDGE_POINT,3513,3,
3531,因式分解在有理数简算中的应用,KNOWLEDGE_POINT,3513,3,
3532,十字相乘法,KNOWLEDGE_POINT,3513,3,
3533,分组分解法,KNOWLEDGE_POINT,3513,3,
3534,因式分解的应用,KNOWLEDGE_POINT,3513,3,
3516,判断是否是因式分解,TESTING_POINT,3515,4,
3517,已知因式分解的结果求参数,TESTING_POINT,3515,4,
3525,判断能否用公式法分解因式,TESTING_POINT,3524,4,
3526,运用平方差公式分解因式,TESTING_POINT,3524,4,
3527,运用完全平方公式分解因式,TESTING_POINT,3524,4,
3528,综合运用公式法分解因式,TESTING_POINT,3524,4,
3540,分式的概念及性质,NODE,3539,3,
3569,分式的运算,NODE,3539,3,
3541,分式的定义,KNOWLEDGE_POINT,3540,4,
3545,分式有无意义的条件,KNOWLEDGE_POINT,3540,4,
3548,分式值为零的条件,KNOWLEDGE_POINT,3540,4,
3549,分式的值,KNOWLEDGE_POINT,3540,4,
3555,分式的基本性质,KNOWLEDGE_POINT,3540,4,
3561,最简分式,KNOWLEDGE_POINT,3540,4,
3563,约分,KNOWLEDGE_POINT,3540,4,
3565,最简公分母,KNOWLEDGE_POINT,3540,4,
3567,通分,KNOWLEDGE_POINT,3540,4,
3542,分式的判断,TESTING_POINT,3541,5,
3543,分式的规律性问题,TESTING_POINT,3541,5,
3544,按要求构造分式,TESTING_POINT,3541,5,
3546,分式有意义的条件,TESTING_POINT,3545,5,
3547,分式无意义的条件,TESTING_POINT,3545,5,
3550,分式的求值,TESTING_POINT,3549,5,
3553,求分式值为正（负）数时未知数的取值范围,TESTING_POINT,3549,5,
3554,求使分式值为整数时未知数的整数值,TESTING_POINT,3549,5,
3556,判断分式变形是否正确,TESTING_POINT,3555,5,
3557,求使分式变形成立的条件,TESTING_POINT,3555,5,
3558,利用分式的基本性质判断分式值的变化,TESTING_POINT,3555,5,
3559,将分式的分子分母的最高次项化为正数,TESTING_POINT,3555,5,
3560,将分式的分子分母各项系数化为整数,TESTING_POINT,3555,5,
3570,分式的乘除,KNOWLEDGE_POINT,3569,4,
3576,分式的加减,KNOWLEDGE_POINT,3569,4,
3583,分式加减乘除混合运算,KNOWLEDGE_POINT,3569,4,
3584,分式化简求值,KNOWLEDGE_POINT,3569,4,
3587,零指数幂,KNOWLEDGE_POINT,3569,4,
3590,负整数指数幂,KNOWLEDGE_POINT,3569,4,
3593,分数指数幂,KNOWLEDGE_POINT,3569,4,
3594,整数指数幂的运算,KNOWLEDGE_POINT,3569,4,
3596,负指数幂与科学记数法,KNOWLEDGE_POINT,3569,4,
3571,分式乘法,TESTING_POINT,3570,5,
3572,分式除法,TESTING_POINT,3570,5,
3573,分式乘除混合运算,TESTING_POINT,3570,5,
3574,分式乘方,TESTING_POINT,3570,5,
3575,含乘方的分式乘除混合运算,TESTING_POINT,3570,5,
3577,同分母分式加减法,TESTING_POINT,3576,5,
3578,异分母分式加减法,TESTING_POINT,3576,5,
3579,整式与分式相加减,TESTING_POINT,3576,5,
3580,已知分式恒等式，确定分子或分母,TESTING_POINT,3576,5,
3581,分式加减混合运算,TESTING_POINT,3576,5,
3582,分式加减的实际应用,TESTING_POINT,3576,5,
3597,用科学记数法表示绝对值小于1的数,TESTING_POINT,3596,5,
3598,还原用科学记数法表示的小数,TESTING_POINT,3596,5,
3601,二次根式的概念及性质,NODE,3600,3,
3612,二次根式的乘除,NODE,3600,3,
3622,二次根式的加减,NODE,3600,3,
3634,二次根式的应用,KNOWLEDGE_POINT,3600,3,
3602,二次根式的定义,KNOWLEDGE_POINT,3601,4,
3606,二次根式有意义的条件,KNOWLEDGE_POINT,3601,4,
3609,二次根式的性质和化简,KNOWLEDGE_POINT,3601,4,
3604,求二次根式的值,TESTING_POINT,3602,5,
3605,求二次根式中的参数,TESTING_POINT,3602,5,
3610,利用二次根式的性质化简,TESTING_POINT,3609,5,
3611,复合二次根式的化简,TESTING_POINT,3609,5,
3613,二次根式的乘法,KNOWLEDGE_POINT,3612,4,
3615,二次根式的除法,KNOWLEDGE_POINT,3612,4,
3617,二次根式的乘除混合运算,KNOWLEDGE_POINT,3612,4,
3618,最简二次根式,KNOWLEDGE_POINT,3612,4,
3619,最简二次根式的判断,TESTING_POINT,3618,5,
3620,化为最简二次根式,TESTING_POINT,3618,5,
3621,已知最简二次根式求参数,TESTING_POINT,3618,5,
3623,同类二次根式,KNOWLEDGE_POINT,3622,4,
3626,二次根式的加减运算,KNOWLEDGE_POINT,3622,4,
3627,二次根式的混合运算,KNOWLEDGE_POINT,3622,4,
3628,分母有理化,KNOWLEDGE_POINT,3622,4,
3629,二次根式的化简求值,KNOWLEDGE_POINT,3622,4,
3632,比较二次根式的大小,KNOWLEDGE_POINT,3622,4,
3630,已知字母的值，化简求值,TESTING_POINT,3629,5,
3631,已知条件式，化简求值,TESTING_POINT,3629,5,
3641,一元一次方程,NODE,3640,2,
3681,二元一次方程组,NODE,3640,2,
3726,一元二次方程,NODE,3640,2,
3766,分式方程,NODE,3640,2,
86104,二项方程,KNOWLEDGE_POINT,3640,2,
53753,无理方程,KNOWLEDGE_POINT,3640,2,
53755,二元二次方程组及其解法,KNOWLEDGE_POINT,3640,2,
3780,不等式与不等式组,NODE,3640,2,
3642,从算式到方程,NODE,3641,3,
3656,解一元一次方程,KNOWLEDGE_POINT,3641,3,
3665,实际问题与一元一次方程,KNOWLEDGE_POINT,3641,3,
3643,方程,KNOWLEDGE_POINT,3642,4,
3647,方程的解,KNOWLEDGE_POINT,3642,4,
3648,一元一次方程的定义,KNOWLEDGE_POINT,3642,4,
3652,等式的性质,KNOWLEDGE_POINT,3642,4,
3644,判断各式是否是方程,TESTING_POINT,3643,5,
3645,列方程,TESTING_POINT,3643,5,
3657,解一元一次方程（一）——合并同类项与移项,KNOWLEDGE_POINT,3656,4,
3658,解一元一次方程（二）——去括号,KNOWLEDGE_POINT,3656,4,
3659,解一元一次方程（三）——去分母,KNOWLEDGE_POINT,3656,4,
3660,解一元一次方程——拓展,KNOWLEDGE_POINT,3656,4,
3668,配套问题(一元一次方程的应用),TESTING_POINT,3665,4,
3669,工程问题(一元一次方程的应用),TESTING_POINT,3665,4,
3670,销售盈亏(一元一次方程的应用),TESTING_POINT,3665,4,
3671,比赛积分(一元一次方程的应用),TESTING_POINT,3665,4,
3672,方案选择(一元一次方程的应用),TESTING_POINT,3665,4,
3673,数字问题(一元一次方程的应用),TESTING_POINT,3665,4,
3674,几何问题(一元一次方程的应用),TESTING_POINT,3665,4,
3675,和差倍分问题(一元一次方程的应用),TESTING_POINT,3665,4,
3677,电费和水费问题(一元一次方程的应用),TESTING_POINT,3665,4,
3667,行程问题(一元一次方程的应用),TESTING_POINT,3665,4,
3678,比例分配(一元一次方程的应用),TESTING_POINT,3665,4,
3679,日历问题(一元一次方程的应用),TESTING_POINT,3665,4,
86102,古代问题(一元一次方程的应用),TESTING_POINT,3665,4,
3680,其他问题(一元一次方程的应用),TESTING_POINT,3665,4,
3682,二元一次方程（组）的相关概念,NODE,3681,3,
3694,解二元一次方程组,NODE,3681,3,
3704,同解方程组,KNOWLEDGE_POINT,3681,3,
3705,实际问题与二元一次方程组,NODE,3681,3,
3723,三元一次方程组,KNOWLEDGE_POINT,3681,3,
3683,二元一次方程的定义,KNOWLEDGE_POINT,3682,4,
3686,二元一次方程的解,KNOWLEDGE_POINT,3682,4,
3690,二元一次方程组定义,KNOWLEDGE_POINT,3682,4,
3691,判断是否是二元一次方程组,TESTING_POINT,3690,5,
3692,判断是否是二元一次方程组的解,TESTING_POINT,3690,5,
3693,已知二元一次方程组的解求参数,TESTING_POINT,3690,5,
3695,代入消元法,KNOWLEDGE_POINT,3694,4,
3698,加减消元法,KNOWLEDGE_POINT,3694,4,
3699,二元一次方程组的特殊解法,KNOWLEDGE_POINT,3694,4,
3700,解二元一次方程组的应用,KNOWLEDGE_POINT,3694,4,
3701,二元一次方程组的错解复原问题,TESTING_POINT,3700,5,
3702,构造二元一次方程组求解,TESTING_POINT,3700,5,
3703,已知二元一次方程组的解的情况求参数,TESTING_POINT,3700,5,
3706,列二元一次方程组,KNOWLEDGE_POINT,3705,4,
3709,二元一次方程组的应用,KNOWLEDGE_POINT,3705,4,
3707,根据实际问题列二元一次方程组,TESTING_POINT,3706,5,
3708,根据几何图形列二元一次方程组,TESTING_POINT,3706,5,
3710,方案问题(二元一次方程组的应用),TESTING_POINT,3709,5,
3711,行程问题(二元一次方程组的应用),TESTING_POINT,3709,5,
3712,工程问题(二元一次方程组的应用),TESTING_POINT,3709,5,
3713,数字问题(二元一次方程组的应用),TESTING_POINT,3709,5,
3714,年龄问题(二元一次方程组的应用),TESTING_POINT,3709,5,
3715,分配问题(二元一次方程组的应用),TESTING_POINT,3709,5,
3716,销售、利润问题(二元一次方程组的应用),TESTING_POINT,3709,5,
3717,和差倍分问题(二元一次方程组的应用),TESTING_POINT,3709,5,
3718,几何问题(二元一次方程组的应用),TESTING_POINT,3709,5,
3719,图表信息题(二元一次方程组的应用),TESTING_POINT,3709,5,
3720,古代问题(二元一次方程组的应用),TESTING_POINT,3709,5,
3721,开放型问题(二元一次方程组的应用),TESTING_POINT,3709,5,
3722,其他问题(二元一次方程组的应用),TESTING_POINT,3709,5,
3724,解三元一次方程组,KNOWLEDGE_POINT,3723,4,
3725,三元一次方程组的应用,KNOWLEDGE_POINT,3723,4,
3727,一元二次方程的相关概念,KNOWLEDGE_POINT,3726,3,
3736,解一元二次方程,NODE,3726,3,
3753,实际问题与一元二次方程,KNOWLEDGE_POINT,3726,3,
3728,一元二次方程的定义,TESTING_POINT,3727,4,
3731,一元二次方程的一般形式,TESTING_POINT,3727,4,
3732,一元二次方程的解,TESTING_POINT,3727,4,
86103,一元二次方程的解的估算,TESTING_POINT,3727,4,
3737,解一元二次方程——直接开平方法,KNOWLEDGE_POINT,3736,4,
3738,解一元二次方程——配方法,KNOWLEDGE_POINT,3736,4,
3739,配方法的应用,KNOWLEDGE_POINT,3736,4,
3743,一元二次方程根的判别式,KNOWLEDGE_POINT,3736,4,
3746,公式法解一元二次方程,KNOWLEDGE_POINT,3736,4,
3747,因式分解法解一元二次方程,KNOWLEDGE_POINT,3736,4,
3748,换元法解一元二次方程,KNOWLEDGE_POINT,3736,4,
3749,一元二次方程的根与系数的关系,KNOWLEDGE_POINT,3736,4,
3744,根据判别式判断一元二次方程根的情况,TESTING_POINT,3743,5,
3745,根据一元二次方程根的情况求参数,TESTING_POINT,3743,5,
3755,传播问题(一元二次方程的应用),TESTING_POINT,3753,4,
3756,增长率问题(一元二次方程的应用),TESTING_POINT,3753,4,
3757,与图形有关的问题(一元二次方程的应用),TESTING_POINT,3753,4,
3758,数字问题(一元二次方程的应用),TESTING_POINT,3753,4,
3759,营销问题(一元二次方程的应用),TESTING_POINT,3753,4,
3760,动态几何问题(一元二次方程的应用),TESTING_POINT,3753,4,
3761,工程问题(一元二次方程的应用),TESTING_POINT,3753,4,
3762,行程问题(一元二次方程的应用),TESTING_POINT,3753,4,
3763,图表信息题(一元二次方程的应用),TESTING_POINT,3753,4,
3765,其他问题(一元二次方程的应用),TESTING_POINT,3753,4,
3768,分式方程的定义,KNOWLEDGE_POINT,3766,3,
3769,解分式方程,KNOWLEDGE_POINT,3766,3,
3772,分式方程的解,KNOWLEDGE_POINT,3766,3,
3777,分式方程的应用,KNOWLEDGE_POINT,3766,3,
3773,根据分式方程解的情况求值,TESTING_POINT,3772,4,
3775,分式方程无解问题,TESTING_POINT,3772,4,
3778,列分式方程,TESTING_POINT,3777,4,
3779,分式方程的实际应用,TESTING_POINT,3777,4,
3781,不等式,KNOWLEDGE_POINT,3780,3,
3788,一元一次不等式,NODE,3780,3,
3802,一元一次不等式组,NODE,3780,3,
3783,不等式的定义,TESTING_POINT,3781,4,
3784,不等式的解集,TESTING_POINT,3781,4,
3787,不等式的性质,TESTING_POINT,3781,4,
3789,一元一次不等式的定义,KNOWLEDGE_POINT,3788,4,
3792,解一元一次不等式,KNOWLEDGE_POINT,3788,4,
3798,一元一次不等式的应用,KNOWLEDGE_POINT,3788,4,
3793,求一元一次不等式的解集,TESTING_POINT,3792,5,
3795,求一元一次不等式的整数解,TESTING_POINT,3792,5,
52661,在数轴上表示不等式的解集,TESTING_POINT,3792,5,
3796,求一元一次不等式解的最值,TESTING_POINT,3792,5,
3797,解|x|≥a型的不等式,TESTING_POINT,3792,5,
3799,列一元一次不等式,TESTING_POINT,3798,5,
3800,用一元一次不等式解决实际问题,TESTING_POINT,3798,5,
3801,用一元一次不等式解决几何问题,TESTING_POINT,3798,5,
3803,一元一次不等式组的定义,KNOWLEDGE_POINT,3802,4,
3804,解一元一次不等式组,KNOWLEDGE_POINT,3802,4,
3812,一元一次不等式组的应用,KNOWLEDGE_POINT,3802,4,
3805,求不等式组的解集,TESTING_POINT,3804,5,
3806,解特殊不等式组,TESTING_POINT,3804,5,
3807,求一元一次不等式组的整数解,TESTING_POINT,3804,5,
3809,由一元一次不等式组的解集求参数,TESTING_POINT,3804,5,
3810,由不等式组解集的情况求参数,TESTING_POINT,3804,5,
3811,不等式组和方程组结合的问题,TESTING_POINT,3804,5,
3813,列一元一次不等式组,TESTING_POINT,3812,5,
3814,一元一次不等式组应用,TESTING_POINT,3812,5,
3823,平面直角坐标系,NODE,3821,2,
3842,坐标方法的简单应用,NODE,3821,2,
3847,函数基础知识,NODE,3821,2,
3863,一次函数,NODE,3821,2,
3917,二次函数,NODE,3821,2,
3998,反比例函数,NODE,3821,2,
3824,有序数对,KNOWLEDGE_POINT,3823,3,
3827,点的坐标,KNOWLEDGE_POINT,3823,3,
3830,点所在的象限,KNOWLEDGE_POINT,3823,3,
3833,坐标系中描点,KNOWLEDGE_POINT,3823,3,
3834,坐标与图形,KNOWLEDGE_POINT,3823,3,
3839,点坐标规律探索,KNOWLEDGE_POINT,3823,3,
3825,用有序数对表示位置,TESTING_POINT,3824,4,
3826,用有序数对表示路线,TESTING_POINT,3824,4,
3828,写出直角坐标系中点的坐标,TESTING_POINT,3827,4,
3829,求点到坐标轴的距离,TESTING_POINT,3827,4,
3831,判断点所在的象限,TESTING_POINT,3830,4,
3832,已知点所在的象限求参数,TESTING_POINT,3830,4,
3844,实际问题中用坐标表示位置,TESTING_POINT,3842,3,
3845,用方向角和距离确定物体的位置,TESTING_POINT,3842,3,
3846,根据方位描述确定物体的位置,TESTING_POINT,3842,3,
3849,常量与变量,KNOWLEDGE_POINT,3847,3,
3850,函数的概念,KNOWLEDGE_POINT,3847,3,
3851,函数解析式,KNOWLEDGE_POINT,3847,3,
3853,自变量和函数值,KNOWLEDGE_POINT,3847,3,
3856,函数的图象,KNOWLEDGE_POINT,3847,3,
3861,函数的三种表示方法,KNOWLEDGE_POINT,3847,3,
68968,用表格表示变量间的关系,TESTING_POINT,3849,4,
68969,用关系式表示变量间的关系,TESTING_POINT,3849,4,
68970,用图象表示变量间的关系,TESTING_POINT,3849,4,
3854,求自变量的取值范围,TESTING_POINT,3853,4,
3855,求自变量的值或函数值,TESTING_POINT,3853,4,
3857,函数图象识别,TESTING_POINT,3856,4,
3858,从函数的图象获取信息,TESTING_POINT,3856,4,
3859,用描点法画函数图象,TESTING_POINT,3856,4,
3860,动点问题的函数图象,TESTING_POINT,3856,4,
3865,正比例函数的定义,KNOWLEDGE_POINT,3863,3,
3869,正比例函数图象和性质,KNOWLEDGE_POINT,3863,3,
3872,一次函数的定义,KNOWLEDGE_POINT,3863,3,
3877,一次函数的图象,KNOWLEDGE_POINT,3863,3,
3884,一次函数的性质,KNOWLEDGE_POINT,3863,3,
3890,求一次函数解析式,KNOWLEDGE_POINT,3863,3,
3896,一次函数与一元一次方程,KNOWLEDGE_POINT,3863,3,
3901,一次函数与一元一次不等式,KNOWLEDGE_POINT,3863,3,
3904,一次函数与二元一次方程（组）,KNOWLEDGE_POINT,3863,3,
3909,一次函数的实际应用,KNOWLEDGE_POINT,3863,3,
3870,正比例函数的图象,TESTING_POINT,3869,4,
3871,正比例函数的性质,TESTING_POINT,3869,4,
3873,识别一次函数,TESTING_POINT,3872,4,
3874,根据一次函数的定义求参数,TESTING_POINT,3872,4,
3875,求一次函数自变量或函数值,TESTING_POINT,3872,4,
3876,列一次函数解析式并求值,TESTING_POINT,3872,4,
3878,判断一次函数的图象,TESTING_POINT,3877,4,
3879,根据一次函数解析式判断其经过的象限,TESTING_POINT,3877,4,
3880,已知函数经过的象限求参数范围,TESTING_POINT,3877,4,
3881,一次函数图象与坐标轴的交点问题,TESTING_POINT,3877,4,
3882,画一次函数图象,TESTING_POINT,3877,4,
3883,一次函数图象平移问题,TESTING_POINT,3877,4,
3885,判断一次函数的增减性,TESTING_POINT,3884,4,
3886,根据一次函数增减性求参数,TESTING_POINT,3884,4,
3887,根据一次函数的增减性判断自变量的变化情况,TESTING_POINT,3884,4,
3888,比较一次函数值的大小,TESTING_POINT,3884,4,
3889,一次函数的规律探究问题,TESTING_POINT,3884,4,
3897,已知直线与坐标轴交点求方程的解,TESTING_POINT,3896,4,
3898,由一元一次方程的解判断直线与x轴的交点,TESTING_POINT,3896,4,
3900,利用图象法解一元一次方程,TESTING_POINT,3896,4,
3902,由直线与坐标轴的交点求不等式的解集,TESTING_POINT,3901,4,
3903,根据两条直线的交点求不等式的解集,TESTING_POINT,3901,4,
3905,两直线的交点与二元一次方程组的解,TESTING_POINT,3904,4,
3907,图象法解二元一次方程组,TESTING_POINT,3904,4,
3908,求直线围成的图形面积,TESTING_POINT,3904,4,
3912,分配方案问题(一次函数的实际应用),TESTING_POINT,3909,4,
3913,最大利润问题(一次函数的实际应用),TESTING_POINT,3909,4,
3914,行程问题(一次函数的实际应用),TESTING_POINT,3909,4,
3915,几何问题(一次函数的实际应用),TESTING_POINT,3909,4,
3916,其他问题(一次函数的实际应用),TESTING_POINT,3909,4,
3919,二次函数的定义,KNOWLEDGE_POINT,3917,3,
3923,二次函数的图象和性质,KNOWLEDGE_POINT,3917,3,
3935,二次函数y=ax2+bx+c的图象和性质,KNOWLEDGE_POINT,3917,3,
3941,二次函数的图象与系数的关系,KNOWLEDGE_POINT,3917,3,
3947,二次函数的对称,KNOWLEDGE_POINT,3917,3,
3952,二次函数的最值,KNOWLEDGE_POINT,3917,3,
3955,待定系数法求二次函数解析式,KNOWLEDGE_POINT,3917,3,
3956,二次函数图象的平移,KNOWLEDGE_POINT,3917,3,
3963,二次函数与一元二次方程,KNOWLEDGE_POINT,3917,3,
3971,图象法确定一元二次方程的近似根,KNOWLEDGE_POINT,3917,3,
3976,二次函数与不等式,KNOWLEDGE_POINT,3917,3,
3980,实际问题与二次函数,KNOWLEDGE_POINT,3917,3,
3990,二次函数综合,KNOWLEDGE_POINT,3917,3,
3920,列二次函数关系式,TESTING_POINT,3919,4,
3921,二次函数的识别,TESTING_POINT,3919,4,
3922,根据二次函数的定义求参数,TESTING_POINT,3919,4,
53620,y=ax?的图象和性质,TESTING_POINT,3923,4,
3926,y=ax?+k的图象和性质,TESTING_POINT,3923,4,
3929,y=a（x-h）?的图象和性质,TESTING_POINT,3923,4,
3932,y=a（x-h）?+k的图象和性质,TESTING_POINT,3923,4,
3936,把y=ax?+bx+c化成顶点式,TESTING_POINT,3935,4,
3937,画y=ax?+bx+c的图象,TESTING_POINT,3935,4,
3938,y=ax?+bx+c的图象与性质,TESTING_POINT,3935,4,
3942,二次函数图象与各项系数符号,TESTING_POINT,3941,4,
3943,一次函数、二次函数图象综合判断,TESTING_POINT,3941,4,
3944,反比例函数、二次函数图象综合判断,TESTING_POINT,3941,4,
3945,两个二次函数图象综合判断,TESTING_POINT,3941,4,
3946,根据二次函数的图象判断式子符号,TESTING_POINT,3941,4,
3950,已知抛物线上对称的两点求对称轴,TESTING_POINT,3947,4,
3951,根据二次函数的对称性求函数值,TESTING_POINT,3947,4,
3953,y=ax?+bx+c的最值,TESTING_POINT,3952,4,
3954,利用二次函数对称性求最短路径,TESTING_POINT,3952,4,
3964,求抛物线与x轴的交点坐标,TESTING_POINT,3963,4,
3965,求抛物线与y轴的交点坐标,TESTING_POINT,3963,4,
3966,已知二次函数的函数值求自变量的值,TESTING_POINT,3963,4,
52662,抛物线与x轴的交点问题,TESTING_POINT,3963,4,
52663,根据二次函数图象确定相应方程根的情况,TESTING_POINT,3963,4,
52664,求x轴与抛物线的截线长,TESTING_POINT,3963,4,
3977,图象法解一元二次不等式,TESTING_POINT,3976,4,
3978,利用不等式求自变量或函数值的范围,TESTING_POINT,3976,4,
3979,根据交点确定不等式的解集,TESTING_POINT,3976,4,
3982,图形问题(实际问题与二次函数),TESTING_POINT,3980,4,
3983,图形运动问题(实际问题与二次函数),TESTING_POINT,3980,4,
3984,拱桥问题(实际问题与二次函数),TESTING_POINT,3980,4,
3985,销售问题(实际问题与二次函数),TESTING_POINT,3980,4,
3986,投球问题(实际问题与二次函数),TESTING_POINT,3980,4,
3987,喷水问题(实际问题与二次函数),TESTING_POINT,3980,4,
3988,增长率问题(实际问题与二次函数),TESTING_POINT,3980,4,
3989,其他问题(实际问题与二次函数),TESTING_POINT,3980,4,
81313,线段周长问题(二次函数综合),TESTING_POINT,3990,4,
81314,面积问题(二次函数综合),TESTING_POINT,3990,4,
81315,角度问题(二次函数综合),TESTING_POINT,3990,4,
81316,特殊三角形问题(二次函数综合),TESTING_POINT,3990,4,
81317,特殊四边形(二次函数综合),TESTING_POINT,3990,4,
81318,相似三角形问题(二次函数综合),TESTING_POINT,3990,4,
81319,其他问题(二次函数综合),TESTING_POINT,3990,4,
4000,反比例函数的定义,KNOWLEDGE_POINT,3998,3,
4007,反比例函数的图象,KNOWLEDGE_POINT,3998,3,
4011,反比例函数的性质,KNOWLEDGE_POINT,3998,3,
4017,反比例函数系数k的几何意义,KNOWLEDGE_POINT,3998,3,
4020,求反比例函数解析式,KNOWLEDGE_POINT,3998,3,
4021,反比例函数与一次函数的综合,KNOWLEDGE_POINT,3998,3,
4026,实际问题与反比例函数,KNOWLEDGE_POINT,3998,3,
4028,反比例函数与几何综合,KNOWLEDGE_POINT,3998,3,
4002,用反比例函数描述数量关系,TESTING_POINT,4000,4,
4003,根据定义判断是否是反比例函数,TESTING_POINT,4000,4,
4004,根据反比例函数的定义求参数,TESTING_POINT,4000,4,
4005,求反比例函数值,TESTING_POINT,4000,4,
4006,由反比例函数值求自变量,TESTING_POINT,4000,4,
4008,判断（画）反比例函数图象,TESTING_POINT,4007,4,
4009,已知反比例函数的图象，判断其解析式,TESTING_POINT,4007,4,
4010,由反比例函数图象的对称性求点的坐标,TESTING_POINT,4007,4,
4012,已知双曲线分布的象限，求参数范围,TESTING_POINT,4011,4,
4013,判断反比例函数的增减性,TESTING_POINT,4011,4,
4014,判断反比例函数图象所在象限,TESTING_POINT,4011,4,
4015,已知反比例函数的增减性求参数,TESTING_POINT,4011,4,
4016,比较反比例函数值或自变量的大小,TESTING_POINT,4011,4,
4018,已知比例系数求特殊图形的面积,TESTING_POINT,4017,4,
4019,根据图形面积求比例系数（解析式）,TESTING_POINT,4017,4,
86105,一次函数与反比例函数图象综合判断,TESTING_POINT,4021,4,
86106,一次函数与反比例函数的交点问题,TESTING_POINT,4021,4,
86107,一次函数与反比例函数的实际应用,TESTING_POINT,4021,4,
86108,一次函数与反比例函数的其他综合应用,TESTING_POINT,4021,4,
4031,几何图形初步,NODE,4030,2,
4121,相交线与平行线,NODE,4030,2,
65850,三角形,NODE,4030,2,
4361,四边形,NODE,4030,2,
4474,圆,NODE,4030,2,
4601,命题与证明,NODE,4030,2,
86115,限定工具作图,NODE,4030,2,
4033,立体图形,KNOWLEDGE_POINT,4031,3,
4040,几何体的展开图,KNOWLEDGE_POINT,4031,3,
4049,点、线、面、体,KNOWLEDGE_POINT,4031,3,
4053,截一个几何体,KNOWLEDGE_POINT,4031,3,
4055,平面图形的认识,KNOWLEDGE_POINT,4031,3,
4058,直线、射线、线段,NODE,4031,3,
4088,角,NODE,4031,3,
4034,几何体的识别,TESTING_POINT,4033,4,
4035,组合几何体的构成,TESTING_POINT,4033,4,
4036,立体图形的分类,TESTING_POINT,4033,4,
4037,几何体中的点、棱、面,TESTING_POINT,4033,4,
4039,从不同方向看几何体,TESTING_POINT,4033,4,
4041,几何体展开图的认识,TESTING_POINT,4040,4,
4042,由展开图计算几何体的表面积,TESTING_POINT,4040,4,
4043,由展开图计算几何体的体积,TESTING_POINT,4040,4,
4044,正方体几种展开图的识别,TESTING_POINT,4040,4,
4045,正方体相对两面上的字,TESTING_POINT,4040,4,
4046,含图案的正方体的展开图,TESTING_POINT,4040,4,
4047,求展开图上两点折叠后的距离,TESTING_POINT,4040,4,
4048,补一个面使图形围成正方体,TESTING_POINT,4040,4,
4050,点、线、面、体四者之间的关系,TESTING_POINT,4049,4,
4052,平面图形旋转后所得的立体图形,TESTING_POINT,4049,4,
4056,平面图形形状的识别,TESTING_POINT,4055,4,
4057,用七巧板拼图形,TESTING_POINT,4055,4,
4059,直线、射线、线段的定义,KNOWLEDGE_POINT,4058,4,
4066,两点确定一条直线,KNOWLEDGE_POINT,4058,4,
4074,线段的和与差,KNOWLEDGE_POINT,4058,4,
4076,线段的中点,KNOWLEDGE_POINT,4058,4,
4081,两点之间线段最短,KNOWLEDGE_POINT,4058,4,
4082,两点间的距离,KNOWLEDGE_POINT,4058,4,
4083,最短路径问题,KNOWLEDGE_POINT,4058,4,
4060,直线、射线、线段的联系与区别,TESTING_POINT,4059,5,
4061,画出直线、射线、线段,TESTING_POINT,4059,5,
4062,点与线的位置关系,TESTING_POINT,4059,5,
4063,直线、线段、射线的数量问题,TESTING_POINT,4059,5,
4064,直线相交的交点个数问题,TESTING_POINT,4059,5,
4065,线段的应用,TESTING_POINT,4059,5,
4077,线段中点的有关计算,TESTING_POINT,4076,5,
4078,线段n等分点的有关计算,TESTING_POINT,4076,5,
4079,线段之间的数量关系,TESTING_POINT,4076,5,
4080,与线段有关的动点问题,TESTING_POINT,4076,5,
4089,角的概念,KNOWLEDGE_POINT,4088,4,
4094,钟面角,KNOWLEDGE_POINT,4088,4,
4098,方向角,KNOWLEDGE_POINT,4088,4,
4101,角的度量,KNOWLEDGE_POINT,4088,4,
4104,角的比较,KNOWLEDGE_POINT,4088,4,
4105,角的运算,KNOWLEDGE_POINT,4088,4,
4110,角平分线,KNOWLEDGE_POINT,4088,4,
4114,余角和补角,KNOWLEDGE_POINT,4088,4,
4090,角的概念理解,TESTING_POINT,4089,5,
4091,角的表示方法,TESTING_POINT,4089,5,
4092,角的分类,TESTING_POINT,4089,5,
4093,画特殊角,TESTING_POINT,4089,5,
4099,方向角的表示,TESTING_POINT,4098,5,
4100,与方向角有关的计算题,TESTING_POINT,4098,5,
4102,角的单位与角度制,TESTING_POINT,4101,5,
4103,角的度数大小比较,TESTING_POINT,4101,5,
4106,三角板中角度计算问题,TESTING_POINT,4105,5,
4107,几何图形中角度计算问题,TESTING_POINT,4105,5,
4108,角度的四则运算,TESTING_POINT,4105,5,
4109,实际问题中角度计算问题,TESTING_POINT,4105,5,
4111,角平分线的有关计算,TESTING_POINT,4110,5,
4112,角n等分线的有关计算,TESTING_POINT,4110,5,
4115,求一个角的余角,TESTING_POINT,4114,5,
4116,求一个角的补角,TESTING_POINT,4114,5,
4118,与余角、补角有关的计算,TESTING_POINT,4114,5,
4119,同(等)角的余(补)角相等的应用,TESTING_POINT,4114,5,
4122,相交线及其所成的角,NODE,4121,3,
4145,平行线及其判定,NODE,4121,3,
4159,平行线的性质,NODE,4121,3,
4123,相交线,KNOWLEDGE_POINT,4122,4,
4125,垂线,KNOWLEDGE_POINT,4122,4,
4128,垂线段最短,KNOWLEDGE_POINT,4122,4,
4131,点到直线的距离,KNOWLEDGE_POINT,4122,4,
4133,对顶角,KNOWLEDGE_POINT,4122,4,
4137,邻补角,KNOWLEDGE_POINT,4122,4,
4141,同位角、内错角、同旁内角,KNOWLEDGE_POINT,4122,4,
4126,垂线的定义理解,TESTING_POINT,4125,5,
4127,画垂线,TESTING_POINT,4125,5,
4134,对顶角的定义,TESTING_POINT,4133,5,
4136,对顶角相等,TESTING_POINT,4133,5,
4138,邻补角的定义理解,TESTING_POINT,4137,5,
4139,找邻补角,TESTING_POINT,4137,5,
4140,利用邻补角互补求角度,TESTING_POINT,4137,5,
4146,平行线,KNOWLEDGE_POINT,4145,4,
4150,平行公理及推论,KNOWLEDGE_POINT,4145,4,
4154,平行线的判定,KNOWLEDGE_POINT,4145,4,
4147,平面内两直线的位置关系,TESTING_POINT,4146,5,
4148,立体图形中平行的棱,TESTING_POINT,4146,5,
4149,用直尺、三角板画平行线,TESTING_POINT,4146,5,
4152,平行公理的应用,TESTING_POINT,4150,5,
4153,平行公理推论的应用,TESTING_POINT,4150,5,
4155,同位角相等两直线平行,TESTING_POINT,4154,5,
4156,内错角相等两直线平行,TESTING_POINT,4154,5,
4157,同旁内角互补两直线平行,TESTING_POINT,4154,5,
4158,垂直于同一直线的两直线平行,TESTING_POINT,4154,5,
4160,平行线的性质定理,KNOWLEDGE_POINT,4159,4,
4164,平行线性质的应用,KNOWLEDGE_POINT,4159,4,
4168,平行线的判定与性质,KNOWLEDGE_POINT,4159,4,
4171,平行线之间的距离,KNOWLEDGE_POINT,4159,4,
4161,两直线平行同位角相等,TESTING_POINT,4160,5,
4162,两直线平行内错角相等,TESTING_POINT,4160,5,
4163,两直线平行同旁内角互补,TESTING_POINT,4160,5,
4165,根据平行线的性质探究角的关系,TESTING_POINT,4164,5,
4166,根据平行线的性质求角的度数,TESTING_POINT,4164,5,
4167,平行线的性质在生活中的应用,TESTING_POINT,4164,5,
4169,根据平行线判定与性质求角度,TESTING_POINT,4168,5,
4170,根据平行线判定与性质证明,TESTING_POINT,4168,5,
4172,求平行线间的距离,TESTING_POINT,4171,5,
4173,利用平行线间距离解决问题,TESTING_POINT,4171,5,
4176,三角形的认识,KNOWLEDGE_POINT,4175,4,
4179,三角形的分类,KNOWLEDGE_POINT,4175,4,
4182,三角形的稳定性,KNOWLEDGE_POINT,4175,4,
4185,三角形的三边关系,KNOWLEDGE_POINT,4175,4,
4191,三角形的高,KNOWLEDGE_POINT,4175,4,
4195,三角形的中线,KNOWLEDGE_POINT,4175,4,
4198,三角形的重心,KNOWLEDGE_POINT,4175,4,
4201,三角形的角平分线,KNOWLEDGE_POINT,4175,4,
4177,三角形的识别与有关概念,TESTING_POINT,4176,5,
4178,三角形的个数问题,TESTING_POINT,4176,5,
4183,三角形的稳定性及应用,TESTING_POINT,4182,5,
4184,四边形的不稳定性,TESTING_POINT,4182,5,
4186,构成三角形的条件,TESTING_POINT,4185,5,
4187,确定第三边的取值范围,TESTING_POINT,4185,5,
4189,三角形三边关系的应用,TESTING_POINT,4185,5,
4192,画三角形的高,TESTING_POINT,4191,5,
4193,与三角形的高有关的计算问题,TESTING_POINT,4191,5,
4194,垂心,TESTING_POINT,4191,5,
86109,利用网格求三角形面积,TESTING_POINT,4191,5,
4196,根据三角形中线求长度,TESTING_POINT,4195,5,
4197,根据三角形中线求面积,TESTING_POINT,4195,5,
4199,重心的概念及有关应用,TESTING_POINT,4198,5,
4200,重心的有关性质,TESTING_POINT,4198,5,
82282,三角形角平分线的定义,TESTING_POINT,4201,5,
4113,角平分线性质定理及证明,TESTING_POINT,4201,5,
4204,三角形的内角和定理,KNOWLEDGE_POINT,4203,4,
4212,三角形的外角的定义及性质,KNOWLEDGE_POINT,4203,4,
4205,三角形内角和定理的证明,TESTING_POINT,4204,5,
4207,与平行线有关的三角形内角和问题,TESTING_POINT,4204,5,
4208,与角平分线有关的三角形内角和问题,TESTING_POINT,4204,5,
4209,三角形折叠中的角度问题,TESTING_POINT,4204,5,
4210,三角形内角和定理的应用,TESTING_POINT,4204,5,
4217,全等三角形的概念及性质,NODE,4216,4,
4226,三角形全等的判定,NODE,4216,4,
4263,角平分线的性质与判定,NODE,4216,4,
4272,线段垂直平分线,NODE,4216,4,
4218,全等图形,KNOWLEDGE_POINT,4217,5,
4222,全等三角形的概念,KNOWLEDGE_POINT,4217,5,
4224,全等三角形的性质,KNOWLEDGE_POINT,4217,5,
4219,全等图形识别,TESTING_POINT,4218,6,
4220,利用全等图形求正方形网格中角度之和,TESTING_POINT,4218,6,
4221,将已知图形分割成几个全等图形,TESTING_POINT,4218,6,
4227,SSS,KNOWLEDGE_POINT,4226,5,
4231,SAS,KNOWLEDGE_POINT,4226,5,
4241,ASA或AAS,KNOWLEDGE_POINT,4226,5,
4247,HL,KNOWLEDGE_POINT,4226,5,
4251,全等的判定综合,KNOWLEDGE_POINT,4226,5,
4255,全等三角形的辅助线问题,KNOWLEDGE_POINT,4226,5,
4262,全等三角形综合问题,KNOWLEDGE_POINT,4226,5,
4228,用SSS直接证明三角形全等,TESTING_POINT,4227,6,
4229,用SSS间接证明三角形全等,TESTING_POINT,4227,6,
4230,全等的性质和SSS综合,TESTING_POINT,4227,6,
4232,用SAS直接证明三角形全等,TESTING_POINT,4231,6,
4233,用SAS间接证明三角形全等,TESTING_POINT,4231,6,
4234,全等的性质和SAS综合,TESTING_POINT,4231,6,
4236,尺规作一个角等于已知角,TESTING_POINT,4235,4,
4237,尺规作角的和、差,TESTING_POINT,4235,4,
4238,过直线外一点作这条直线的平行,TESTING_POINT,4235,4,
4242,用ASA（AAS）证明三角形全等,TESTING_POINT,4241,6,
4243,全等的性质和ASA（AAS）综合,TESTING_POINT,4241,6,
4248,用HL证全等,TESTING_POINT,4247,6,
4249,全等的性质和HL综合,TESTING_POINT,4247,6,
4252,添加条件使三角形全等,TESTING_POINT,4251,6,
4253,灵活选用判定方法证全等,TESTING_POINT,4251,6,
4254,结合尺规作图的全等问题,TESTING_POINT,4251,6,
4256,连接两点作辅助线,TESTING_POINT,4255,6,
4257,倍长中线模型(全等三角形),TESTING_POINT,4255,6,
4258,旋转模型(全等三角形),TESTING_POINT,4255,6,
4259,垂线模型(全等三角形),TESTING_POINT,4255,6,
4260,其他模型(全等三角形),TESTING_POINT,4255,6,
4261,证一条线段等于两条线段和（差）,TESTING_POINT,4255,6,
4264,角平分线的性质定理,KNOWLEDGE_POINT,4263,5,
4267,角平分线的判定定理,KNOWLEDGE_POINT,4263,5,
4269,角平分线性质的实际应用,KNOWLEDGE_POINT,4263,5,
4273,线段垂直平分线的性质,KNOWLEDGE_POINT,4272,5,
4276,线段垂直平分线的判定,KNOWLEDGE_POINT,4272,5,
4278,线段垂直平分线的实际应用,KNOWLEDGE_POINT,4272,5,
4284,等腰三角形的性质,KNOWLEDGE_POINT,4283,4,
4289,等腰三角形的判定,KNOWLEDGE_POINT,4283,4,
4299,等腰三角形的性质和判定,KNOWLEDGE_POINT,4283,4,
4302,三角形边角的不等关系,KNOWLEDGE_POINT,4283,4,
4305,等边三角形,NODE,4283,4,
66324,等腰三角形的定义,TESTING_POINT,4284,5,
4285,根据等边对等角求角度,TESTING_POINT,4284,5,
4286,根据等边对等角证明,TESTING_POINT,4284,5,
4287,根据三线合一求解,TESTING_POINT,4284,5,
4288,根据三线合一证明,TESTING_POINT,4284,5,
4290,格点图中画等腰三角形,TESTING_POINT,4289,5,
4291,找出图中的等腰三角形,TESTING_POINT,4289,5,
4292,根据等角对等边证明等腰三角形,TESTING_POINT,4289,5,
4293,根据等角对等边证明边相等,TESTING_POINT,4289,5,
4294,根据等角对等边求边长,TESTING_POINT,4289,5,
4295,直线上与已知两点组成等腰三角形的点,TESTING_POINT,4289,5,
4296,求与图形中任意两点构成等腰三角形的点,TESTING_POINT,4289,5,
4306,等边三角形的性质,KNOWLEDGE_POINT,4305,5,
4309,等边三角形的判定,KNOWLEDGE_POINT,4305,5,
4313,等边三角形的判定和性质,KNOWLEDGE_POINT,4305,5,
4324,勾股定理,KNOWLEDGE_POINT,4322,4,
4340,勾股定理的应用,KNOWLEDGE_POINT,4322,4,
4353,勾股定理的逆定理,KNOWLEDGE_POINT,4322,4,
4325,用勾股定理解三角形,TESTING_POINT,4324,5,
4328,已知两点坐标求两点距离,TESTING_POINT,4324,5,
4329,勾股树（数）问题,TESTING_POINT,4324,5,
4330,以直角三角形三边为边长的图形面积,TESTING_POINT,4324,5,
4331,勾股定理与网格问题,TESTING_POINT,4324,5,
4333,勾股定理与折叠问题,TESTING_POINT,4324,5,
4334,利用勾股定理求两条线段的平方和（差）,TESTING_POINT,4324,5,
4335,利用勾股定理证明线段平方关系,TESTING_POINT,4324,5,
4336,勾股定理的证明方法,TESTING_POINT,4324,5,
4337,以弦图为背景的计算题,TESTING_POINT,4324,5,
4338,用勾股定理构造图形解决问题,TESTING_POINT,4324,5,
4339,勾股定理与无理数,TESTING_POINT,4324,5,
4341,求梯子滑落高度(勾股定理的应用),TESTING_POINT,4340,5,
4342,求旗杆高度(勾股定理的应用),TESTING_POINT,4340,5,
4343,求小鸟飞行距离(勾股定理的应用),TESTING_POINT,4340,5,
4344,求大树折断前的高度(勾股定理的应用),TESTING_POINT,4340,5,
4345,解决水杯中筷子问题(勾股定理的应用),TESTING_POINT,4340,5,
4346,解决航海问题(勾股定理的应用),TESTING_POINT,4340,5,
4347,求河宽(勾股定理的应用),TESTING_POINT,4340,5,
4348,求台阶上地毯长度(勾股定理的应用),TESTING_POINT,4340,5,
4349,判断汽车是否超速(勾股定理的应用),TESTING_POINT,4340,5,
4350,判断是否受台风影响(勾股定理的应用),TESTING_POINT,4340,5,
4351,选址使到两地距离相等(勾股定理的应用),TESTING_POINT,4340,5,
81261,求最短路径(勾股定理的应用),TESTING_POINT,4340,5,
4354,判断三边能否构成直角三角形,TESTING_POINT,4353,5,
4355,图形上与已知两点构成直角三角形的点,TESTING_POINT,4353,5,
4356,在网格中判断直角三角形,TESTING_POINT,4353,5,
4357,利用勾股定理的逆定理求解,TESTING_POINT,4353,5,
4358,勾股定理逆定理的实际应用,TESTING_POINT,4353,5,
4359,勾股定理逆定理的拓展问题,TESTING_POINT,4353,5,
4362,多边形及其内角和,NODE,4361,3,
4385,平行四边形,NODE,4361,3,
4408,特殊的平行四边形,NODE,4361,3,
4465,梯形,KNOWLEDGE_POINT,4361,3,
4363,认识多边形,KNOWLEDGE_POINT,4362,4,
4368,多边形的对角线,KNOWLEDGE_POINT,4362,4,
4371,多边形的内角和,KNOWLEDGE_POINT,4362,4,
4377,多边形的外角和,KNOWLEDGE_POINT,4362,4,
4381,平面镶嵌,KNOWLEDGE_POINT,4362,4,
4364,多边形的概念与分类,TESTING_POINT,4363,5,
4365,多边形截角后的边数问题,TESTING_POINT,4363,5,
4366,多边形的周长,TESTING_POINT,4363,5,
4367,网格中多边形面积比较,TESTING_POINT,4363,5,
4369,多边形对角线的条数问题,TESTING_POINT,4368,5,
4370,对角线分成的三角形个数问题,TESTING_POINT,4368,5,
4372,多边形内角和问题,TESTING_POINT,4371,5,
4373,正多边形的内角问题,TESTING_POINT,4371,5,
4374,多（少）算一个角问题,TESTING_POINT,4371,5,
4375,多边形截角后的内角和问题,TESTING_POINT,4371,5,
4376,复杂图形的内角和,TESTING_POINT,4371,5,
4378,正多边形的外角问题,TESTING_POINT,4377,5,
4379,多边形外角和的实际应用,TESTING_POINT,4377,5,
4380,多边形内角和与外角和综合,TESTING_POINT,4377,5,
4386,平行四边形的性质,KNOWLEDGE_POINT,4385,4,
4391,平行四边形的判定,KNOWLEDGE_POINT,4385,4,
4399,平行四边形的判定与性质综合,KNOWLEDGE_POINT,4385,4,
4403,三角形中位线,KNOWLEDGE_POINT,4385,4,
4388,利用平行四边形的性质求解,TESTING_POINT,4386,5,
4389,利用平行四边形的性质证明,TESTING_POINT,4386,5,
4390,平行四边形性质的其他应用,TESTING_POINT,4386,5,
4393,判断能否构成平行四边形,TESTING_POINT,4391,5,
4394,添一个条件成为平行四边形,TESTING_POINT,4391,5,
4395,数图形中平行四边形的个数,TESTING_POINT,4391,5,
4396,求与已知三点组成平行四边形的点的个数,TESTING_POINT,4391,5,
4397,证明四边形是平行四边形,TESTING_POINT,4391,5,
4398,全等三角形拼平行四边形问题,TESTING_POINT,4391,5,
4400,利用平行四边形的判定与性质求解,TESTING_POINT,4399,5,
4401,利用平行四边形性质和判定证明,TESTING_POINT,4399,5,
4402,平行四边形性质和判定的应用,TESTING_POINT,4399,5,
4404,与三角形中位线有关的求解问题,TESTING_POINT,4403,5,
4405,三角形中位线与三角形面积问题,TESTING_POINT,4403,5,
4406,与三角形中位线有关的证明,TESTING_POINT,4403,5,
4407,三角形中位线的实际应用,TESTING_POINT,4403,5,
4409,矩形的性质,KNOWLEDGE_POINT,4408,4,
4420,矩形的判定,KNOWLEDGE_POINT,4408,4,
4424,矩形的判定与性质综合,KNOWLEDGE_POINT,4408,4,
4428,菱形的性质,KNOWLEDGE_POINT,4408,4,
4434,菱形的判定,KNOWLEDGE_POINT,4408,4,
4438,菱形的判定与性质综合,KNOWLEDGE_POINT,4408,4,
4442,正方形的性质,KNOWLEDGE_POINT,4408,4,
4450,正方形的判定,KNOWLEDGE_POINT,4408,4,
4454,正方形的判定与性质综合,KNOWLEDGE_POINT,4408,4,
4459,四边形综合,KNOWLEDGE_POINT,4408,4,
4410,矩形性质理解,TESTING_POINT,4409,5,
4411,利用矩形的性质求角度,TESTING_POINT,4409,5,
4412,根据矩形的性质求线段长,TESTING_POINT,4409,5,
4413,根据矩形的性质求面积,TESTING_POINT,4409,5,
4414,利用矩形的性质证明,TESTING_POINT,4409,5,
4415,求矩形在坐标系中的坐标,TESTING_POINT,4409,5,
4416,矩形与折叠问题,TESTING_POINT,4409,5,
4421,矩形的判定定理理解,TESTING_POINT,4420,5,
4422,添一条件使四边形是矩形,TESTING_POINT,4420,5,
4423,证明四边形是矩形,TESTING_POINT,4420,5,
4425,根据矩形的性质与判定求角度,TESTING_POINT,4424,5,
4426,根据矩形的性质与判定求线段长,TESTING_POINT,4424,5,
4427,根据矩形的性质与判定求面积,TESTING_POINT,4424,5,
4430,利用菱形的性质求角度,TESTING_POINT,4428,5,
4431,利用菱形的性质求线段长,TESTING_POINT,4428,5,
4432,利用菱形的性质求面积,TESTING_POINT,4428,5,
4433,利用菱形的性质证明,TESTING_POINT,4428,5,
4436,添一个条件使四边形是菱形,TESTING_POINT,4434,5,
4437,证明四边形是菱形,TESTING_POINT,4434,5,
4439,根据菱形的性质与判定求角度,TESTING_POINT,4438,5,
4440,根据菱形的性质与判定求线段长,TESTING_POINT,4438,5,
4441,根据菱形的性质与判定求面积,TESTING_POINT,4438,5,
4443,正方形性质理解,TESTING_POINT,4442,5,
4444,根据正方形的性质求角度,TESTING_POINT,4442,5,
4445,根据正方形的性质求线段长,TESTING_POINT,4442,5,
4446,根据正方形的性质求面积,TESTING_POINT,4442,5,
4447,正方形折叠问题,TESTING_POINT,4442,5,
4448,求正方形重叠部分面积,TESTING_POINT,4442,5,
4449,根据正方形的性质证明,TESTING_POINT,4442,5,
4451,正方形的判定定理理解,TESTING_POINT,4450,5,
4452,添一个条件使四边形是正方形,TESTING_POINT,4450,5,
4453,证明四边形是正方形,TESTING_POINT,4450,5,
4455,根据正方形的性质与判定求角度,TESTING_POINT,4454,5,
4456,根据正方形的性质与判定求线段长,TESTING_POINT,4454,5,
4457,根据正方形的性质与判定求面积,TESTING_POINT,4454,5,
4458,根据正方形的性质与判定证明,TESTING_POINT,4454,5,
4460,中点四边形,TESTING_POINT,4459,5,
4461,利用（特殊)平行四边形的对称性求阴影面积,TESTING_POINT,4459,5,
4462,（特殊）平行四边形的动点问题,TESTING_POINT,4459,5,
4463,四边形中的线段最值问题,TESTING_POINT,4459,5,
4464,四边形其他综合问题,TESTING_POINT,4459,5,
86110,(等腰)梯形的定义,TESTING_POINT,4465,4,
86111,等腰梯形的性质定理,TESTING_POINT,4465,4,
86112,等腰梯形的判定定理,TESTING_POINT,4465,4,
86113,梯形中位线定理,TESTING_POINT,4465,4,
4476,圆的基本认识,KNOWLEDGE_POINT,4474,3,
4487,垂径定理,KNOWLEDGE_POINT,4474,3,
4492,垂径定理的推论,KNOWLEDGE_POINT,4474,3,
4494,垂径定理的实际应用,KNOWLEDGE_POINT,4474,3,
4495,弧、弦、圆心角的关系,KNOWLEDGE_POINT,4474,3,
4498,圆心角,KNOWLEDGE_POINT,4474,3,
4501,圆周角,KNOWLEDGE_POINT,4474,3,
4507,点、直线、圆的位置关系,NODE,4474,3,
4568,正多边形和圆,NODE,4474,3,
4581,弧长和扇形面积,NODE,4474,3,
4477,圆的基本概念辨析,TESTING_POINT,4476,4,
4478,求圆中弦的条数,TESTING_POINT,4476,4,
4479,求过圆内一点的最长弦,TESTING_POINT,4476,4,
4480,求一点到圆上点距离的最值,TESTING_POINT,4476,4,
4481,圆的周长和面积问题,TESTING_POINT,4476,4,
4482,求小圆绕某图形一圈自转的圈数,TESTING_POINT,4476,4,
4488,利用垂径定理求值,TESTING_POINT,4487,4,
4489,利用垂径定理求平行弦问题,TESTING_POINT,4487,4,
4490,利用垂径定理求同心圆问题,TESTING_POINT,4487,4,
4491,利用垂径定理求解其他问题,TESTING_POINT,4487,4,
4496,利用弧、弦、圆心角的关系求解,TESTING_POINT,4495,4,
4497,利用弧、弦、圆心角的关系求证,TESTING_POINT,4495,4,
4499,圆心角概念辨析,TESTING_POINT,4498,4,
4500,求圆弧的度数,TESTING_POINT,4498,4,
4502,圆周角的概念辨析,TESTING_POINT,4501,4,
4503,圆周角定理,TESTING_POINT,4501,4,
4504,同弧或等弧所对的圆周角相等,TESTING_POINT,4501,4,
4505,半圆（直径）所对的圆周角是直角,TESTING_POINT,4501,4,
4506,90度的圆周角所对的弦是直径,TESTING_POINT,4501,4,
4508,点和圆的位置关系,KNOWLEDGE_POINT,4507,4,
4512,三角形的外接圆,KNOWLEDGE_POINT,4507,4,
4518,确定圆的条件,KNOWLEDGE_POINT,4507,4,
4524,直线和圆的位置关系,KNOWLEDGE_POINT,4507,4,
4531,切线的判定定理,KNOWLEDGE_POINT,4507,4,
4535,切线的性质定理,KNOWLEDGE_POINT,4507,4,
4538,切线的性质和判定的综合应用,KNOWLEDGE_POINT,4507,4,
4539,切线长定理,KNOWLEDGE_POINT,4507,4,
4542,三角形内切圆,KNOWLEDGE_POINT,4507,4,
4547,三角形内切圆与外接圆综合,KNOWLEDGE_POINT,4507,4,
4554,圆内接四边形,KNOWLEDGE_POINT,4507,4,
4558,圆和圆的位置关系,KNOWLEDGE_POINT,4507,4,
4566,圆的综合问题,KNOWLEDGE_POINT,4507,4,
4509,判断点与圆的位置关系,TESTING_POINT,4508,5,
4510,利用点与圆的位置关系求半径,TESTING_POINT,4508,5,
4511,已知半径和圆上两点作圆,TESTING_POINT,4508,5,
4513,三角形外接圆的说法辨析,TESTING_POINT,4512,5,
4514,求三角形外心坐标,TESTING_POINT,4512,5,
4515,求特殊三角形外接圆的半径,TESTING_POINT,4512,5,
4516,已知外心的位置判断三角形的形状,TESTING_POINT,4512,5,
4517,判断三角形外接圆的圆心位置,TESTING_POINT,4512,5,
4519,判断确定圆的条件,TESTING_POINT,4518,5,
4520,确定圆心(尺规作图),TESTING_POINT,4518,5,
4521,求能确定的圆的个数,TESTING_POINT,4518,5,
4525,判断直线和圆的位置关系,TESTING_POINT,4524,5,
4526,已知直线和圆的位置关系求半径的取值,TESTING_POINT,4524,5,
4527,已知直线和圆的位置关系求圆心到直线的距离,TESTING_POINT,4524,5,
4528,求圆平移到与直线相切时圆心经过的距离,TESTING_POINT,4524,5,
4529,求直线平移到与圆相切时运动的距离,TESTING_POINT,4524,5,
4530,切线的应用,TESTING_POINT,4524,5,
4532,有关切线的说法辨析,TESTING_POINT,4531,5,
4533,判断或补全使直线为切线的条件,TESTING_POINT,4531,5,
4534,证明某直线是圆的切线,TESTING_POINT,4531,5,
4540,应用切线长定理求解,TESTING_POINT,4539,5,
4541,应用切线长定理求证,TESTING_POINT,4539,5,
4543,直角三角形周长、面积与内切圆半径的关系,TESTING_POINT,4542,5,
4544,圆外切四边形模型,TESTING_POINT,4542,5,
4545,三角形内心有关应用,TESTING_POINT,4542,5,
4546,一般三角形周长、面积与内切圆半径的关系,TESTING_POINT,4542,5,
4555,已知圆内接四边形求角度,TESTING_POINT,4554,5,
4557,求四边形外接圆的直径,TESTING_POINT,4554,5,
81603,圆内知识综合(圆的综合问题),TESTING_POINT,4566,5,
81604,圆与三角形的综合(圆的综合问题),TESTING_POINT,4566,5,
81605,圆与四边形的综合(圆的综合问题),TESTING_POINT,4566,5,
81606,圆与函数的综合(圆的综合问题),TESTING_POINT,4566,5,
81607,其他问题(圆的综合问题),TESTING_POINT,4566,5,
4569,正多边形的中心角,KNOWLEDGE_POINT,4568,4,
4572,正多边形和圆的综合,KNOWLEDGE_POINT,4568,4,
4570,求正多边形的中心角,TESTING_POINT,4569,5,
4571,已知正多边形的中心角求边数,TESTING_POINT,4569,5,
4582,弧长公式,KNOWLEDGE_POINT,4581,4,
4587,扇形面积的计算,KNOWLEDGE_POINT,4581,4,
4593,圆锥的侧面积计算,KNOWLEDGE_POINT,4581,4,
4599,圆锥侧面上最短路径问题,KNOWLEDGE_POINT,4581,4,
4583,求弧长,TESTING_POINT,4582,5,
4584,求扇形半径,TESTING_POINT,4582,5,
4585,求圆心角,TESTING_POINT,4582,5,
4586,求某点的弧形运动路径长度,TESTING_POINT,4582,5,
4588,求扇形面积,TESTING_POINT,4587,5,
4589,求图形旋转后扫过的面积,TESTING_POINT,4587,5,
4590,求弓形面积,TESTING_POINT,4587,5,
4592,求其他不规则图形的面积,TESTING_POINT,4587,5,
4594,求圆锥侧面积,TESTING_POINT,4593,5,
4595,求圆锥底面半径,TESTING_POINT,4593,5,
4596,求圆锥的高,TESTING_POINT,4593,5,
4597,求圆锥侧面展开图的圆心角,TESTING_POINT,4593,5,
4598,圆锥的实际问题,TESTING_POINT,4593,5,
4602,命题,KNOWLEDGE_POINT,4601,3,
4607,证明,KNOWLEDGE_POINT,4601,3,
4612,逆命题,KNOWLEDGE_POINT,4601,3,
4615,定理与逆定理,KNOWLEDGE_POINT,4601,3,
4618,举反例,KNOWLEDGE_POINT,4601,3,
4620,反证法,KNOWLEDGE_POINT,4601,3,
4623,推理与论证,KNOWLEDGE_POINT,4601,3,
4603,判断是否是命题,TESTING_POINT,4602,4,
4606,写出命题的题设与结论,TESTING_POINT,4602,4,
4604,判断命题真假,TESTING_POINT,4602,4,
4605,举例说明假（真）命题,TESTING_POINT,4602,4,
4608,代数问题证明,TESTING_POINT,4607,4,
4609,写出一个命题的已知、求证及证明过程,TESTING_POINT,4607,4,
4610,已知证明过程填写理论依据,TESTING_POINT,4607,4,
4611,根据给出的论断组命题并证明,TESTING_POINT,4607,4,
4613,写出命题的逆命题,TESTING_POINT,4612,4,
4614,判断是否为互逆命题,TESTING_POINT,4612,4,
4616,定理与证明,TESTING_POINT,4615,4,
4617,互逆定理,TESTING_POINT,4615,4,
4621,反证法证明中的假设,TESTING_POINT,4620,4,
4622,用反证法证明命题,TESTING_POINT,4620,4,
4624,以几何为背景的推理与论证,TESTING_POINT,4623,4,
4625,以代数为背景的推理与论证,TESTING_POINT,4623,4,
4626,逻辑推理与论证,TESTING_POINT,4623,4,
4628,平移,NODE,4627,2,
4650,轴对称,NODE,4627,2,
4678,旋转,NODE,4627,2,
4705,中心对称,NODE,4627,2,
4724,图案设计,KNOWLEDGE_POINT,4627,2,
4728,图形的相似,NODE,4627,2,
4777,锐角三角函数,NODE,4627,2,
4816,投影与视图,NODE,4627,2,
4629,生活中的平移现象,KNOWLEDGE_POINT,4628,3,
4631,图形的平移,KNOWLEDGE_POINT,4628,3,
4637,平移的性质,KNOWLEDGE_POINT,4628,3,
4640,平移(作图),KNOWLEDGE_POINT,4628,3,
4642,坐标与图形变化——平移,KNOWLEDGE_POINT,4628,3,
4648,平移综合题(几何变换),KNOWLEDGE_POINT,4628,3,
4638,利用平移的性质求解,TESTING_POINT,4637,4,
4639,利用平移解决实际问题,TESTING_POINT,4637,4,
4643,求点沿x轴、y轴平移后的坐标,TESTING_POINT,4642,4,
4644,由平移方式确定点的坐标,TESTING_POINT,4642,4,
4645,已知点平移前后的坐标，判断平移方式,TESTING_POINT,4642,4,
4646,已知图形的平移，求点的坐标,TESTING_POINT,4642,4,
4647,已知平移后的坐标求原坐标,TESTING_POINT,4642,4,
4651,轴对称图形的识别,KNOWLEDGE_POINT,4650,3,
4653,轴对称的性质,KNOWLEDGE_POINT,4650,3,
4660,对称轴,KNOWLEDGE_POINT,4650,3,
4663,镜面对称,KNOWLEDGE_POINT,4650,3,
4667,画轴对称图形,KNOWLEDGE_POINT,4650,3,
4669,设计轴对称图案,KNOWLEDGE_POINT,4650,3,
4671,坐标与图形变化——轴对称,KNOWLEDGE_POINT,4650,3,
4676,轴对称综合题(几何变换),KNOWLEDGE_POINT,4650,3,
4654,成轴对称的两个图形的识别,TESTING_POINT,4653,4,
4655,根据成轴对称图形的特征进行判断,TESTING_POINT,4653,4,
4656,根据成轴对称图形的特征进行求解,TESTING_POINT,4653,4,
4657,台球桌面上的轴对称问题,TESTING_POINT,4653,4,
4658,轴对称中的光线反射问题,TESTING_POINT,4653,4,
4659,折叠问题,TESTING_POINT,4653,4,
4661,画对称轴,TESTING_POINT,4660,4,
4662,求对称轴条数,TESTING_POINT,4660,4,
4664,车牌号码的镜面对称,TESTING_POINT,4663,4,
4665,钟表的镜面对称,TESTING_POINT,4663,4,
4666,电子钟示数的镜面对称,TESTING_POINT,4663,4,
81612,线段问题(轴对称综合题),TESTING_POINT,4676,4,
81613,面积问题(轴对称综合题),TESTING_POINT,4676,4,
81614,角度问题(轴对称综合题),TESTING_POINT,4676,4,
81615,其他问题(轴对称综合题),TESTING_POINT,4676,4,
4679,生活中的旋转现象,KNOWLEDGE_POINT,4678,3,
4682,旋转三要素,KNOWLEDGE_POINT,4678,3,
4685,旋转中的规律性问题,KNOWLEDGE_POINT,4678,3,
4687,旋转的性质,KNOWLEDGE_POINT,4678,3,
4691,画旋转图形,KNOWLEDGE_POINT,4678,3,
4693,利用旋转设计图案,KNOWLEDGE_POINT,4678,3,
4695,旋转对称图形,KNOWLEDGE_POINT,4678,3,
4698,坐标与图形变换——旋转,KNOWLEDGE_POINT,4678,3,
4703,旋转综合题(几何变换),KNOWLEDGE_POINT,4678,3,
4680,判断生活中的旋转现象,TESTING_POINT,4679,4,
4681,判断由一个图形旋转而成的图案,TESTING_POINT,4679,4,
4683,找旋转中心、旋转角、对应点,TESTING_POINT,4682,4,
4684,求旋转中心的个数,TESTING_POINT,4682,4,
4688,根据旋转的性质求解,TESTING_POINT,4687,4,
4689,根据旋转的性质说明线段或角相等,TESTING_POINT,4687,4,
4690,旋转的性质及辨析,TESTING_POINT,4687,4,
4696,旋转对称图形的识别,TESTING_POINT,4695,4,
4697,求旋转对称图形的旋转角度,TESTING_POINT,4695,4,
4699,求绕原点旋转90度的点的坐标,TESTING_POINT,4698,4,
4700,求绕某点（非原点）旋转90度的点的坐标,TESTING_POINT,4698,4,
4701,求绕原点旋转一定角度的点的坐标,TESTING_POINT,4698,4,
4702,坐标与旋转规律问题,TESTING_POINT,4698,4,
81608,线段问题(旋转综合题),TESTING_POINT,4703,4,
81609,面积问题(旋转综合题),TESTING_POINT,4703,4,
81610,角度问题(旋转综合题),TESTING_POINT,4703,4,
81611,其他问题(旋转综合题),TESTING_POINT,4703,4,
4706,成中心对称,KNOWLEDGE_POINT,4705,3,
4708,中心对称的性质,KNOWLEDGE_POINT,4705,3,
4712,中心对称图形,KNOWLEDGE_POINT,4705,3,
4717,关于原点对称的点的坐标,KNOWLEDGE_POINT,4705,3,
4721,图形的变换,KNOWLEDGE_POINT,4705,3,
4709,画已知图形关于某点对称的图形,TESTING_POINT,4708,4,
4710,画两个图形的对称中心,TESTING_POINT,4708,4,
4711,根据中心对称的性质求面积、长度、角度,TESTING_POINT,4708,4,
4713,中心对称图形的识别,TESTING_POINT,4712,4,
4714,判断中心对称图形的对称中心,TESTING_POINT,4712,4,
4715,在方格纸中补画图形使之成为中心对称图形,TESTING_POINT,4712,4,
4716,中心对称图形规律问题,TESTING_POINT,4712,4,
4718,求关于原点对称的点的坐标,TESTING_POINT,4717,4,
4719,已知两点关于原点对称求参数,TESTING_POINT,4717,4,
4720,判断两个点是否关于原点对称,TESTING_POINT,4717,4,
4722,说出一个图形到另一个图形的运动过程,TESTING_POINT,4721,4,
4723,按图形的变换要求画出另一个图形,TESTING_POINT,4721,4,
4726,分析图案的形成过程,TESTING_POINT,4724,3,
4727,利用平移、轴对称、旋转、中心对称设计图案,TESTING_POINT,4724,3,
4729,相似图形的相关概念及性质,NODE,4728,3,
4752,相似三角形,NODE,4728,3,
4764,位似,NODE,4728,3,
4730,比例的性质,KNOWLEDGE_POINT,4729,4,
4732,线段的比,KNOWLEDGE_POINT,4729,4,
4733,成比例线段,KNOWLEDGE_POINT,4729,4,
86118,黄金分割,KNOWLEDGE_POINT,4729,4,
4739,相似图形,KNOWLEDGE_POINT,4729,4,
4741,相似多边形,KNOWLEDGE_POINT,4729,4,
4744,相似多边形的性质,KNOWLEDGE_POINT,4729,4,
4749,平行线分线段成比例定理,KNOWLEDGE_POINT,4729,4,
4750,由平行判断成比例的线段,TESTING_POINT,4749,5,
4751,由平行截线求相关线段的长或比值,TESTING_POINT,4749,5,
4753,相似三角形的判定,KNOWLEDGE_POINT,4752,4,
4756,相似三角形的判定与性质综合,KNOWLEDGE_POINT,4752,4,
4757,相似三角形的性质,KNOWLEDGE_POINT,4752,4,
4763,相似三角形应用举例,KNOWLEDGE_POINT,4752,4,
4754,证明两三角形相似,TESTING_POINT,4753,5,
4755,选择或补充条件使两个三角形相似,TESTING_POINT,4753,5,
4758,利用相似三角形的性质求解,TESTING_POINT,4757,5,
4759,证明三角形的对应线段成比例,TESTING_POINT,4757,5,
4760,利用相似求坐标,TESTING_POINT,4757,5,
4761,在网格中画与已知三角形相似的三角形,TESTING_POINT,4757,5,
4762,相似三角形——动点问题,TESTING_POINT,4757,5,
4765,位似图形,KNOWLEDGE_POINT,4764,4,
4771,坐标系与位似图形,KNOWLEDGE_POINT,4764,4,
4776,相似三角形的综合问题,KNOWLEDGE_POINT,4764,4,
4766,位似图形的识别,TESTING_POINT,4765,5,
4767,判断位似中心,TESTING_POINT,4765,5,
4768,位似图形相关概念辨析,TESTING_POINT,4765,5,
4769,求两个位似图形的相似比,TESTING_POINT,4765,5,
4770,画已知图形放大或缩小n倍后的位似图形,TESTING_POINT,4765,5,
4772,求位似图形的对应坐标,TESTING_POINT,4771,5,
4773,在坐标系中求两个位似图形的相似比、周长比或面积比,TESTING_POINT,4771,5,
4774,在坐标系中画位似图形,TESTING_POINT,4771,5,
4775,在坐标系中画位似中心,TESTING_POINT,4771,5,
4779,正弦,KNOWLEDGE_POINT,4777,3,
4783,余弦,KNOWLEDGE_POINT,4777,3,
4787,正切,KNOWLEDGE_POINT,4777,3,
4791,特殊角的三角函数值,KNOWLEDGE_POINT,4777,3,
4795,用计算器求锐角三角函数值,KNOWLEDGE_POINT,4777,3,
4799,由三角函数值求锐角,KNOWLEDGE_POINT,4777,3,
4802,锐角三角函数的增减性,KNOWLEDGE_POINT,4777,3,
4805,同角三角函数关系,KNOWLEDGE_POINT,4777,3,
4808,互余两角三角函数的关系,KNOWLEDGE_POINT,4777,3,
4809,三角函数综合,KNOWLEDGE_POINT,4777,3,
4810,解直角三角形及其应用,NODE,4777,3,
4780,正弦的概念辨析,TESTING_POINT,4779,4,
4781,求角的正弦值,TESTING_POINT,4779,4,
4782,已知正弦值求边长,TESTING_POINT,4779,4,
4784,求角的余弦值,TESTING_POINT,4783,4,
4785,余弦的概念辨析,TESTING_POINT,4783,4,
4786,已知余弦求边长,TESTING_POINT,4783,4,
4788,求角的正切值,TESTING_POINT,4787,4,
4789,正切的概念辨析,TESTING_POINT,4787,4,
4790,已知正切值求边长,TESTING_POINT,4787,4,
4792,求特殊角的三角函数值,TESTING_POINT,4791,4,
4793,特殊角三角函数值的混合运算,TESTING_POINT,4791,4,
4794,由特殊角的三角函数值判断三角形形状,TESTING_POINT,4791,4,
4800,根据特殊角三角函数值求角的度数,TESTING_POINT,4799,4,
4801,给出三角函数值，用计算器求锐角度数,TESTING_POINT,4799,4,
4803,已知角度比较三角函数值的大小,TESTING_POINT,4802,4,
4804,根据三角函数值判断锐角的取值范围,TESTING_POINT,4802,4,
4806,利用同角三角函数关系求值,TESTING_POINT,4805,4,
4807,求证同角三角函数关系式,TESTING_POINT,4805,4,
4811,解直角三角形,KNOWLEDGE_POINT,4810,4,
4815,解直角三角形的实际应用,KNOWLEDGE_POINT,4810,4,
4812,解直角三角形的相关计算,TESTING_POINT,4811,5,
4813,解非直角三角形,TESTING_POINT,4811,5,
4814,构造直角三角形求不规则图形的边长或面积,TESTING_POINT,4811,5,
86119,仰角俯角问题(解直角三角形的应用),TESTING_POINT,4815,5,
86120,方位角问题(解直角三角形的应用),TESTING_POINT,4815,5,
86121,坡度坡比问题(解直角三角形的应用）,TESTING_POINT,4815,5,
86122,其他问题（解直角三角形的应用）,TESTING_POINT,4815,5,
4817,投影,NODE,4816,3,
4838,三视图,NODE,4816,3,
4818,平行投影,KNOWLEDGE_POINT,4817,4,
4823,中心投影,KNOWLEDGE_POINT,4817,4,
4830,正投影,KNOWLEDGE_POINT,4817,4,
4833,视点、视角和盲区,KNOWLEDGE_POINT,4817,4,
4839,判断几何体的三视图,KNOWLEDGE_POINT,4838,4,
4844,画三视图,KNOWLEDGE_POINT,4838,4,
4848,由三视图还原几何体,KNOWLEDGE_POINT,4838,4,
4849,三视图的相关计算,KNOWLEDGE_POINT,4838,4,
4857,课题学习制作立体模型,KNOWLEDGE_POINT,4838,4,
4840,判断简单几何体的三视图,TESTING_POINT,4839,5,
4841,判断简单组合体的三视图,TESTING_POINT,4839,5,
4842,判断非实心几何体的三视图,TESTING_POINT,4839,5,
4843,已知一种或两种视图，判断其他视图,TESTING_POINT,4839,5,
4845,画简单几何体的三视图,TESTING_POINT,4844,5,
4846,画简单组合体的三视图,TESTING_POINT,4844,5,
4847,画小立方块堆砌图形的三视图,TESTING_POINT,4844,5,
4850,已知三视图求边长,TESTING_POINT,4849,5,
4851,已知三视图求侧面积或表面积,TESTING_POINT,4849,5,
4852,求小立方块堆砌图形的表面积,TESTING_POINT,4849,5,
4853,已知三视图求体积,TESTING_POINT,4849,5,
4854,求几何体视图的面积,TESTING_POINT,4849,5,
4855,由三视图，判断小立方体的个数,TESTING_POINT,4849,5,
4856,已知三视图求最多或最少的小立方块的个数,TESTING_POINT,4849,5,
4860,数据的收集与整理,NODE,4859,2,
4932,数据分析,NODE,4859,2,
4971,概率,NODE,4859,2,
4861,统计调查,NODE,4860,3,
4911,直方图,NODE,4860,3,
4862,调查收集数据的过程与方法,KNOWLEDGE_POINT,4861,4,
4868,全面调查与抽样调查,KNOWLEDGE_POINT,4861,4,
4871,总体、个体、样本、样本容量,KNOWLEDGE_POINT,4861,4,
4873,抽样调查的可靠性,KNOWLEDGE_POINT,4861,4,
4875,用样本估计总体,KNOWLEDGE_POINT,4861,4,
4881,统计表,KNOWLEDGE_POINT,4861,4,
4884,条形统计图,KNOWLEDGE_POINT,4861,4,
4888,扇形统计图,KNOWLEDGE_POINT,4861,4,
4895,折线统计图,KNOWLEDGE_POINT,4861,4,
4900,象形统计图,KNOWLEDGE_POINT,4861,4,
4902,统计图的选择,KNOWLEDGE_POINT,4861,4,
4905,借助调查做决策,KNOWLEDGE_POINT,4861,4,
4909,统计与预测,KNOWLEDGE_POINT,4861,4,
4869,判断全面调查与抽样调查,TESTING_POINT,4868,5,
4870,判断是否是简单随机抽样,TESTING_POINT,4868,5,
4876,由样本所占百分比估计总体的数量,TESTING_POINT,4875,5,
4877,由样本所在的频率区间估计总体的数量,TESTING_POINT,4875,5,
4878,用样本的某种“率”估计总体相应的“率”,TESTING_POINT,4875,5,
4879,用样本的频数估计总体的频数,TESTING_POINT,4875,5,
4880,用样本平均数（方差）估计总体平均数（方差）,TESTING_POINT,4875,5,
4885,由条形统计图推断结论,TESTING_POINT,4884,5,
4886,求条形统计图的相关数据,TESTING_POINT,4884,5,
4887,画条形统计图,TESTING_POINT,4884,5,
4889,求扇形统计图的某项数目,TESTING_POINT,4888,5,
4890,求扇形统计图的圆心角,TESTING_POINT,4888,5,
4891,由扇形统计图求某项的百分比,TESTING_POINT,4888,5,
4892,由扇形统计图求总量,TESTING_POINT,4888,5,
4893,由扇形统计图推断结论,TESTING_POINT,4888,5,
4894,条形统计图和扇形统计图信息关联,TESTING_POINT,4888,5,
4903,选择合适的统计图,TESTING_POINT,4902,5,
4904,设计合适的统计图,TESTING_POINT,4902,5,
4912,频数与频率,KNOWLEDGE_POINT,4911,4,
4916,频数分布表,KNOWLEDGE_POINT,4911,4,
4923,频数分布直方图,KNOWLEDGE_POINT,4911,4,
4928,频数分布折线图,KNOWLEDGE_POINT,4911,4,
4913,根据数据描述求频数,TESTING_POINT,4912,5,
4914,根据数据描述求频率,TESTING_POINT,4912,5,
4915,根据数据填写频数、频率统计表,TESTING_POINT,4912,5,
4933,数据的集中趋势,NODE,4932,3,
4956,数据的波动程度,NODE,4932,3,
4934,算术平均数,KNOWLEDGE_POINT,4933,4,
4939,加权平均数,KNOWLEDGE_POINT,4933,4,
4944,用计算器求平均数,KNOWLEDGE_POINT,4933,4,
4945,中位数,KNOWLEDGE_POINT,4933,4,
4949,众数,KNOWLEDGE_POINT,4933,4,
4953,统计量的选择,KNOWLEDGE_POINT,4933,4,
86123,四分位数,KNOWLEDGE_POINT,4933,4,
4935,求一组数据的平均数,TESTING_POINT,4934,5,
4936,已知,11,TESTING_POINT,2023-02-14T05:51:04,4859
4937,利用已知的平均数求相关数据的平均数,TESTING_POINT,4934,5,
4938,利用平均数做决策,TESTING_POINT,4934,5,
4940,求加权平均数,TESTING_POINT,4939,5,
4941,利用加权平均数求未知数据的值,TESTING_POINT,4939,5,
4942,运用加权平均数做决策,TESTING_POINT,4939,5,
4943,出错情况下的平均数问题,TESTING_POINT,4939,5,
4946,求中位数,TESTING_POINT,4945,5,
4947,利用中位数求未知数据的值,TESTING_POINT,4945,5,
4948,运用中位数做决策,TESTING_POINT,4945,5,
4950,求众数,TESTING_POINT,4949,5,
4951,利用众数求未知数据的值,TESTING_POINT,4949,5,
4952,运用众数做决策,TESTING_POINT,4949,5,
4954,根据要求选择合适的统计量,TESTING_POINT,4953,5,
4955,利用合适的统计量做决策,TESTING_POINT,4953,5,
4957,方差,KNOWLEDGE_POINT,4956,4,
4962,极差,KNOWLEDGE_POINT,4956,4,
4965,标准差,KNOWLEDGE_POINT,4956,4,
4967,平均差,KNOWLEDGE_POINT,4956,4,
4969,用计算器求方差,KNOWLEDGE_POINT,4956,4,
86126,离差平方和,KNOWLEDGE_POINT,4956,4,
4958,求方差,TESTING_POINT,4957,5,
4959,利用方差求未知数据的值,TESTING_POINT,4957,5,
4960,根据方差判断稳定性,TESTING_POINT,4957,5,
4961,运用方差做决策,TESTING_POINT,4957,5,
4963,求极差,TESTING_POINT,4962,5,
4964,已知极差求未知数据,TESTING_POINT,4962,5,
4972,随机事件与概率,NODE,4971,3,
4989,用列举法求概率,KNOWLEDGE_POINT,4971,3,
4996,用频率估计概率,KNOWLEDGE_POINT,4971,3,
5002,概率的应用,KNOWLEDGE_POINT,4971,3,
4973,事件的分类,KNOWLEDGE_POINT,4972,4,
4975,可能性的大小,KNOWLEDGE_POINT,4972,4,
4978,等可能事件,KNOWLEDGE_POINT,4972,4,
4981,概率的意义,KNOWLEDGE_POINT,4972,4,
4984,简单的概率计算,KNOWLEDGE_POINT,4972,4,
4976,判断事件发生的可能性的大小,TESTING_POINT,4975,5,
4977,改变条件使事件发生的可能性相同,TESTING_POINT,4975,5,
4979,列举随机实验的所有可能结果,TESTING_POINT,4978,5,
4980,判断实验所得结果是否是等可能的,TESTING_POINT,4978,5,
4982,概率的意义理解,TESTING_POINT,4981,5,
4983,判断几个事件概率的大小关系,TESTING_POINT,4981,5,
4985,根据概率公式计算概率,TESTING_POINT,4984,5,
4986,根据概率作判断,TESTING_POINT,4984,5,
4987,已知概率求数量,TESTING_POINT,4984,5,
4988,几何概率,TESTING_POINT,4984,5,
4990,列举法求概率,TESTING_POINT,4989,4,
4991,列表法或树状图法求概率,TESTING_POINT,4989,4,
4992,游戏的公平性,TESTING_POINT,4989,4,
4998,关于频率与概率关系说法的正误,TESTING_POINT,4996,4,
4999,求某事件的频率,TESTING_POINT,4996,4,
5000,由频率估计概率,TESTING_POINT,4996,4,
5001,用频率估计概率的综合应用,TESTING_POINT,4996,4,
5004,利用概率计算随机事件发生的平均次数,TESTING_POINT,5002,4,
5005,概率在保险业中的应用,TESTING_POINT,5002,4,
5006,概率在转盘抽奖中的应用,TESTING_POINT,5002,4,
5007,概率在比赛中的应用,TESTING_POINT,5002,4,
5008,概率的其他应用,TESTING_POINT,5002,4,
5010,观察与实验,KNOWLEDGE_POINT,5009,2,
5013,归纳与类比,KNOWLEDGE_POINT,5009,2,
5016,猜想与证明,KNOWLEDGE_POINT,5009,2,
3304,有理数的加减,NODE,13956,3,
3318,有理数的乘除,NODE,13956,3,
86129,向量的相关概念,KNOWLEDGE_POINT,53759,2,
53760,实数与向量相乘,KNOWLEDGE_POINT,53759,2,
53761,向量的线性运算,KNOWLEDGE_POINT,53759,2,
4175,与三角形有关的线段,NODE,65850,3,
4203,与三角形有关的角,NODE,65850,3,
4216,全等三角形,NODE,65850,3,
4283,等腰三角形,NODE,65850,3,
86694,直角三角形特征,NODE,65850,3,
4322,勾股定理及逆定理,NODE,65850,3,
77855,数的认识,NODE,74362,2,
77856,数的运算,NODE,74362,2,
74368,比和比例,NODE,74362,2,
77858,图形与几何,NODE,74362,2,
77859,统计与概率,NODE,74362,2,
77898,分数的加、减法,KNOWLEDGE_POINT,74364,4,
77899,求一个数占另一个数几分之几,KNOWLEDGE_POINT,74364,4,
74365,分数乘法,KNOWLEDGE_POINT,74364,4,
74366,分数除法,KNOWLEDGE_POINT,74364,4,
77900,分数的乘、除法的混合运算,KNOWLEDGE_POINT,74364,4,
77901,分数的四则混合运算,KNOWLEDGE_POINT,74364,4,
77905,分数与整数的乘法,TESTING_POINT,74365,5,
77906,分数与分数的乘法,TESTING_POINT,74365,5,
77907,分数与小数的乘法,TESTING_POINT,74365,5,
77908,分数的连乘运算,TESTING_POINT,74365,5,
77909,求一个数的几分之几的问题,TESTING_POINT,74365,5,
77910,连续求一个数的几分之几是多少的问题,TESTING_POINT,74365,5,
77911,求比一个数多/少几分之几的数是多少,TESTING_POINT,74365,5,
77912,分数的平均分,TESTING_POINT,74366,5,
77913,分数与整数的除法,TESTING_POINT,74366,5,
77914,分数与分数的除法,TESTING_POINT,74366,5,
77915,分数的连除运算,TESTING_POINT,74366,5,
77916,分数除法的应用,TESTING_POINT,74366,5,
77917,含百分数的运算,TESTING_POINT,74367,4,
77918,求一个数是另一个数的百分之几（百分率问题）,TESTING_POINT,74367,4,
77919,求一个数比另一个数多/少百分之几,TESTING_POINT,74367,4,
77920,求一个数的百分之几是多少,TESTING_POINT,74367,4,
77921,比一个数多/少百分之几的数是多少,TESTING_POINT,74367,4,
77922,已知一个数的百分之几是多少，求这个数,TESTING_POINT,74367,4,
77923,已知比一个数多/少百分之几是多少，求这个数,TESTING_POINT,74367,4,
77924,折扣问题,TESTING_POINT,74367,4,
77925,税率问题,TESTING_POINT,74367,4,
77926,利率问题,TESTING_POINT,74367,4,
77927,成数问题,TESTING_POINT,74367,4,
77928,利润问题,TESTING_POINT,74367,4,
77929,百分数的其他问题,TESTING_POINT,74367,4,
77930,比,KNOWLEDGE_POINT,74368,3,
77931,比例,KNOWLEDGE_POINT,74368,3,
77956,圆的概念及特点,TESTING_POINT,74369,4,
77957,与圆相关的轴对称图形,TESTING_POINT,74369,4,
77958,圆的周长,TESTING_POINT,74369,4,
77959,圆的面积,TESTING_POINT,74369,4,
77960,圆环的面积,TESTING_POINT,74369,4,
77961,弧、圆心角、扇形的认识,TESTING_POINT,74369,4,
77962,扇形的周长和面积,TESTING_POINT,74369,4,
77963,画圆及扇形,TESTING_POINT,74369,4,
77964,含圆的组合图形的计算（周长和面积）,TESTING_POINT,74369,4,
77965,求最短周长,TESTING_POINT,74369,4,
77966,求最大面积,TESTING_POINT,74369,4,
77967,组合图形的周长,TESTING_POINT,74369,4,
77968,组合图形的面积,TESTING_POINT,74369,4,
77969,利用平移巧算周长与面积,TESTING_POINT,74369,4,
77970,阴影部分的周长和面积,TESTING_POINT,74369,4,
77971,不规则图形的面积,TESTING_POINT,74369,4,
77984,长方体的元素,TESTING_POINT,74370,4,
77985,长方体直观图的画法,TESTING_POINT,74370,4,
77986,长方体中棱与棱的位置关系的认识,TESTING_POINT,74370,4,
77987,长方体中棱与平面的位置关系的认识,TESTING_POINT,74370,4,
77988,长方体中平面与平面的位置关系的认识,TESTING_POINT,74370,4,
77972,圆柱的认识及特征,TESTING_POINT,74371,4,
77973,圆柱的展开图,TESTING_POINT,74371,4,
77974,圆柱的侧面积,TESTING_POINT,74371,4,
77975,圆柱的表面积,TESTING_POINT,74371,4,
77976,圆柱的体积,TESTING_POINT,74371,4,
77977,圆柱的容积,TESTING_POINT,74371,4,
77978,圆锥的认识及特征,TESTING_POINT,74371,4,
77979,圆柱与圆锥体积的关系,TESTING_POINT,74371,4,
77980,组合体的表面积,TESTING_POINT,74371,4,
77981,组合体的体积,TESTING_POINT,74371,4,
77982,不规则物体的体积算法,TESTING_POINT,74371,4,
77983,体积的等积变形,TESTING_POINT,74371,4,
74363,数的整除,KNOWLEDGE_POINT,77855,3,
77860,因数与倍数,KNOWLEDGE_POINT,77855,3,
77861,分数的认识,NODE,77855,3,
77862,百分数的认识,KNOWLEDGE_POINT,77855,3,
74364,分数的四则运算,NODE,77856,3,
74367,百分数的运算,KNOWLEDGE_POINT,77856,3,
74369,圆,KNOWLEDGE_POINT,77858,3,
74371,圆柱和圆锥,KNOWLEDGE_POINT,77858,3,
74370,长方体的再认识,KNOWLEDGE_POINT,77858,3,
77989,统计,KNOWLEDGE_POINT,77859,3,
77995,可能性,KNOWLEDGE_POINT,77859,3,
77863,因数和倍数的认识,TESTING_POINT,77860,4,
77864,因数和倍数的求法,TESTING_POINT,77860,4,
77865,2、5的倍数特征,TESTING_POINT,77860,4,
77866,3的倍数特征,TESTING_POINT,77860,4,
77867,奇数与偶数的认识,TESTING_POINT,77860,4,
77868,奇数和偶数的运算性质,TESTING_POINT,77860,4,
77869,素数与合数,TESTING_POINT,77860,4,
77870,素因数的含义,TESTING_POINT,77860,4,
77871,分解素因数,TESTING_POINT,77860,4,
77872,互质数的认识,TESTING_POINT,77860,4,
77873,公因数与最大公因数,TESTING_POINT,77860,4,
77874,公倍数与最小公倍数,TESTING_POINT,77860,4,
77875,分数的意义、读写及分类,KNOWLEDGE_POINT,77861,4,
77876,分数大小的比较,KNOWLEDGE_POINT,77861,4,
77877,真分数、假分数、带分数的认识,KNOWLEDGE_POINT,77861,4,
77878,假分数与带分数或整数的互化,KNOWLEDGE_POINT,77861,4,
77879,分数的基本性质,KNOWLEDGE_POINT,77861,4,
77880,约分的认识及应用,KNOWLEDGE_POINT,77861,4,
77881,通分的认识及应用,KNOWLEDGE_POINT,77861,4,
77882,最简分数,KNOWLEDGE_POINT,77861,4,
77883,分数化小数,KNOWLEDGE_POINT,77861,4,
77884,倒数的认识,KNOWLEDGE_POINT,77861,4,
77895,百分数的意义,TESTING_POINT,77862,4,
77896,百分数的读法和写法,TESTING_POINT,77862,4,
77897,百分数、小数和分数的互化,TESTING_POINT,77862,4,
77885,分数的初步认识,TESTING_POINT,77875,5,
77886,分数的意义,TESTING_POINT,77875,5,
77887,认识一个整体的几分之几,TESTING_POINT,77875,5,
77888,分数单位的认识与确定,TESTING_POINT,77875,5,
77889,单位“1”的认识与确定,TESTING_POINT,77875,5,
77890,分数与除法的关系,TESTING_POINT,77875,5,
77891,看图比较同分母分数大小,TESTING_POINT,77876,5,
77892,同分母分数的大小比较,TESTING_POINT,77876,5,
77893,同分子分数的大小比较,TESTING_POINT,77876,5,
77894,异分母异分子分数的大小比较,TESTING_POINT,77876,5,
77902,同分母分数加、减法,TESTING_POINT,77898,5,
77903,异分母分数加、减法,TESTING_POINT,77898,5,
77904,分数的加、减法混合运算,TESTING_POINT,77898,5,
77932,比的意义,TESTING_POINT,77930,4,
77933,比的读法、写法及各部分的名称,TESTING_POINT,77930,4,
77934,求比值,TESTING_POINT,77930,4,
77935,比的性质,TESTING_POINT,77930,4,
77936,比的化简,TESTING_POINT,77930,4,
77937,比与分数、除法的关系,TESTING_POINT,77930,4,
77938,百分数、分数、小数和比的互化,TESTING_POINT,77930,4,
77939,比的应用,TESTING_POINT,77930,4,
77940,按比例分配问题,TESTING_POINT,77930,4,
77941,比值与化简比,TESTING_POINT,77930,4,
77942,比例的意义,TESTING_POINT,77931,4,
77943,比例的基本性质,TESTING_POINT,77931,4,
77944,解比例,TESTING_POINT,77931,4,
77945,比例的应用,TESTING_POINT,77931,4,
77946,比与比例的区别与联系,TESTING_POINT,77931,4,
77947,正比例的意义及辨识,TESTING_POINT,77931,4,
77948,反比例的意义及辨识,TESTING_POINT,77931,4,
77949,正比例的应用,TESTING_POINT,77931,4,
77950,反比例的应用,TESTING_POINT,77931,4,
77951,比例尺的意义,TESTING_POINT,77931,4,
77952,应用比例尺画图,TESTING_POINT,77931,4,
77953,图上距离与实际距离的换算,TESTING_POINT,77931,4,
77954,图形的放大与缩小,TESTING_POINT,77931,4,
77955,比例尺应用,TESTING_POINT,77931,4,
77990,条形统计图,TESTING_POINT,77989,4,
77991,折线统计图,TESTING_POINT,77989,4,
77992,扇形统计图,TESTING_POINT,77989,4,
77993,统计图的选择,TESTING_POINT,77989,4,
77994,统计图表的综合应用,TESTING_POINT,77989,4,
77996,事件的确定性与不确定性,TESTING_POINT,77995,4,
77997,可能性的大小,TESTING_POINT,77995,4,
77998,概率的认识,TESTING_POINT,77995,4,
77999,游戏规则的公平性,TESTING_POINT,77995,4,
78000,简单事件发生的可能性求解,TESTING_POINT,77995,4,
78001,生活中的概率,TESTING_POINT,77995,4,
81164,实数,NODE,81163,2,
81174,代数式,NODE,81163,2,
81181,恒等变换,NODE,81163,2,
81185,方程,NODE,81163,2,
81194,不等式,NODE,81163,2,
81199,函数,NODE,81163,2,
81207,几何,NODE,81163,2,
81219,逻辑推理,NODE,81163,2,
81165,十进制整数及表示方法,KNOWLEDGE_POINT,81164,3,
81166,整除性,KNOWLEDGE_POINT,81164,3,
81167,素数和合数，最大公约数与最小公倍数,KNOWLEDGE_POINT,81164,3,
81168,奇数和偶数，奇偶性分析,KNOWLEDGE_POINT,81164,3,
81169,带余除法和利用余数分类,KNOWLEDGE_POINT,81164,3,
81170,完全平方数,KNOWLEDGE_POINT,81164,3,
81171,因数分解的表示法，约数个数的计算,KNOWLEDGE_POINT,81164,3,
81172,有理数的表示法，有理数四则运算的封闭性,KNOWLEDGE_POINT,81164,3,
81173,整数问题的综合应用,KNOWLEDGE_POINT,81164,3,
81175,因式分解,KNOWLEDGE_POINT,81174,3,
81176,综合除法,KNOWLEDGE_POINT,81174,3,
81177,余式定理,KNOWLEDGE_POINT,81174,3,
81178,拆项、添项、配方、待定系数法,KNOWLEDGE_POINT,81174,3,
81179,部分分式,KNOWLEDGE_POINT,81174,3,
81180,对称式和轮换对称式,KNOWLEDGE_POINT,81174,3,
81182,恒等式，恒等变形,KNOWLEDGE_POINT,81181,3,
81183,整式、分式、根式的恒等变形,KNOWLEDGE_POINT,81181,3,
81184,恒等式的证明,KNOWLEDGE_POINT,81181,3,
81186,含字母系数的一元一次、二次方程的解法,KNOWLEDGE_POINT,81185,3,
81187,一元二次方程根的分布,KNOWLEDGE_POINT,81185,3,
81188,含绝对值的一元一次、二次方程的解法,KNOWLEDGE_POINT,81185,3,
81189,一次不定方程,KNOWLEDGE_POINT,81185,3,
81190,非一次不定方程（组）,KNOWLEDGE_POINT,81185,3,
81191,高次方程和无理方程,KNOWLEDGE_POINT,81185,3,
81192,二元二次方程组,KNOWLEDGE_POINT,81185,3,
81193,列方程（组）解应用题,KNOWLEDGE_POINT,81185,3,
81195,含字母系数的一元一次不等式的解法,KNOWLEDGE_POINT,81194,3,
81196,含绝对值的一元一次不等式,KNOWLEDGE_POINT,81194,3,
81197,一元二次不等式,KNOWLEDGE_POINT,81194,3,
81198,应用类问题,KNOWLEDGE_POINT,81194,3,
81200,"y=|ax+b|,y=|ax2+bx+c|及 y=ax2+bx+c的图像和性质",KNOWLEDGE_POINT,81199,3,
81201,含字母系数的二次函数,KNOWLEDGE_POINT,81199,3,
81202,三角函数,KNOWLEDGE_POINT,81199,3,
81203,整式函数的最值,KNOWLEDGE_POINT,81199,3,
81204,分式函数的最值,KNOWLEDGE_POINT,81199,3,
81205,绝对值函数的最值和无理函数的最值,KNOWLEDGE_POINT,81199,3,
81206,函数实际问题中的最值,KNOWLEDGE_POINT,81199,3,
81208,四种命题及其关系,KNOWLEDGE_POINT,81207,3,
81209,三角形的不等关系,KNOWLEDGE_POINT,81207,3,
81210,面积及等积变换,KNOWLEDGE_POINT,81207,3,
81211,三角形的五心及其性质,KNOWLEDGE_POINT,81207,3,
81212,四边形,KNOWLEDGE_POINT,81207,3,
81213,比例与相似,KNOWLEDGE_POINT,81207,3,
81214,圆的性质,KNOWLEDGE_POINT,81207,3,
81215,四点共圆,KNOWLEDGE_POINT,81207,3,
81216,圆幂定理,KNOWLEDGE_POINT,81207,3,
81217,圆的综合问题,KNOWLEDGE_POINT,81207,3,
81218,正余弦定理,KNOWLEDGE_POINT,81207,3,
81220,抽屉原则,KNOWLEDGE_POINT,81219,3,
81221,加法原理和乘法原理,KNOWLEDGE_POINT,81219,3,
81222,组合排列问题,KNOWLEDGE_POINT,81219,3,
81223,容斥原理,KNOWLEDGE_POINT,81219,3,
81224,逻辑推理问题，反证法,KNOWLEDGE_POINT,81219,3,
81225,简单的极端原理,KNOWLEDGE_POINT,81219,3,
81226,简单的枚举法,KNOWLEDGE_POINT,81219,3,
4069,作线段(尺规作图),KNOWLEDGE_POINT,86115,3,
4235,尺规作图——作角,KNOWLEDGE_POINT,86115,3,
4239,尺规作图——作三角形,KNOWLEDGE_POINT,86115,3,
4270,作角平分线(尺规作图),KNOWLEDGE_POINT,86115,3,
4279,作垂线(尺规作图),KNOWLEDGE_POINT,86115,3,
4297,作等腰三角形(尺规作图),KNOWLEDGE_POINT,86115,3,
4522,画圆(尺规作图),KNOWLEDGE_POINT,86115,3,
86114,过圆外一点作圆的切线(尺规作图),KNOWLEDGE_POINT,86115,3,
4579,尺规作图——正多边形,KNOWLEDGE_POINT,86115,3,
86116,格点作图题,KNOWLEDGE_POINT,86115,3,
86117,无刻度直尺作图,KNOWLEDGE_POINT,86115,3,
86124,求四分位数,TESTING_POINT,86123,5,
86125,画箱线图,TESTING_POINT,86123,5,
86127,求离差平方和,TESTING_POINT,86126,5,
86128,离差平方和的应用,TESTING_POINT,86126,5,
4211,直角三角形的两个锐角互余,KNOWLEDGE_POINT,86694,4,
86695,锐角互余的三角形是直角三角形,KNOWLEDGE_POINT,86694,4,
4317,含30度角的直角三角形,KNOWLEDGE_POINT,86694,4,
4417,斜边的中线等于斜边的一半,KNOWLEDGE_POINT,86694,4,
